DataObras;ProcessoObras;PagamentoObras;HistóricoObras;FavorecidoObras;CPF/CNPJObras;ValorObras
16/10/2020;0002403/2019;0004631/2020;"CONTRATACAO DE EMPRESA ESPECIALIZADA PARA EXECUCAO DAS OBRAS DE REVITALIZACAO DO PARQUE DE EXPOSICOES ""LOURIVAL LOUGON MOULIN"", CONFORME CONVENIO Nº 82/2018 FIRMADO COM O GOVERNO DO ESTADO DO ESPIRITO SANTO, ATRAVES DA SECRETARIA DE ESTADO DESANEAMENTO, HABITACAO E DESENVOLVIMENTO URBANO - 2ª ETAPA.CONTRATO 248/2019. REF. NFSE Nº122.";Construtora AJB Eireli ME;18.957.023/0001-54;R$ 383.497,29
15/10/2020;0005352/2018;0004630/2020;CONTRATACAO DE EMPRESA ESPECIALIZADA PARA EXECUCAO DE OBRA DE AMPLIACAO DA CRECHE MUNICIPAL QUE ESTA EM CONSTRUCAO, PERTENCENTE A ESTA MUNICIPALIDADE. TP Nº 002/2019,  CONFORME  CONTRATO Nº 96/2019.2195/2019 . REF. NFSE Nº 54.;Nazca Engenharia Ltda ME;10.591.518/0001-09;R$ 2.715,57
29/09/2020;0006314/2019;0004360/2020;CONTRATACAO DE EMPRESA ESPECIALIZADA PARA EXECUCAO DE OBRA DE REFORMA DO GINASIO JOSE RODRIGUES DA FONSECA NO MUNICIPIO DE JERONIMO MONTEIRO-ES. TP Nº03/2020, PROC. Nº1533/2020. CONTRATO Nº79/2020. REF. NFSE Nº 14.;Sercel Construcoes Eireli;34.262.928/0001-66;R$ 17.731,57
29/09/2020;0006314/2019;0004360/2020;OBM DEVOLVIDA;Sercel Construcoes Eireli;34.262.928/0001-66;-R$ 17.731,57
23/09/2020;0003791/2018;0004285/2020;"CONTRATACAO DE EMPRESA ESPECIALIZADA PARA EXECUCAO DAS OBRAS DE REVITALIZACAO DO PARQUE DE EXPOSICOES ""LOURIVAL LOUGON MOULIN"", CONFORME CONVENIO Nº 33/2018FIRMADO COM O GOVERNO DO ESTADO DO ESPIRITO SANTO, ATRAVES DA SECRETARIA DE ESTADO DESANEAMENTO, HABITACAO E DESENVOLVIMENTO URBANO. 8º ADITIVO DE VALOR E PRAZO NO CONTRATO Nº287/2018. PROC Nº2470/2020. REF. NFSE Nº 22.";Forteluz contrucoes e servicos;03.520.522/0001-02;R$ 183.249,51
21/09/2020;0001149/2020;0004266/2020;CONTRATACAO DE EMPRESA ESPECIALIZADA PARA EXECUCAO DE 02 FAIXAS ELEVADAS DE CONCRETO ARMADO EM VIAS PUBLICAS URBANAS, LOCALIZADO NA AV GOVERNADOR CARLOS LINDEMBERG, NO MUNICIPIO DE JERONIMO MONTEIRO-ES. TP Nº09/2020, PROC. Nº2496/2020. CONTRATO Nº108/2020. REF. NFSE Nº 13.;Sercel Construcoes Eireli;34.262.928/0001-66;R$ 16.968,32
21/09/2020;0005352/2018;0004271/2020;CONTRATACAO DE EMPRESA ESPECIALIZADA PARA EXECUCAO DE OBRA DE AMPLIACAO DA CRECHE MUNICIPAL QUE ESTA EM CONSTRUCAO, PERTENCENTE A ESTA MUNICIPALIDADE. TP Nº 002/2019,  CONFORME  CONTRATO Nº 96/2019.2195/2019 . REF. NFSE Nº 54.;Nazca Engenharia Ltda ME;10.591.518/0001-09;R$ 18.181,94
17/09/2020;0000793/2020;0004147/2020;CONTRATACAO DE EMPRESA ESPECIALIZADA PARA REFORMAR, AMPLIACAO E REVITALIZACAO DA CAPELA MORTUARIA NO MUNICIPIO DE JERONIMO MONTEIRO-ES. PROC. Nº2069/2020. CONTRATO Nº90/2020. TOMADA DE PRECO Nº7/2020. (PROC. DE APOSTILAMENTO Nº2544/2020). REF. NFE Nº 60.;Empretec Multiserv Ltda - EPP;17.144.895/0001-30;R$ 25.933,43
14/09/2020;0001164/2019;0004076/2020;CONSTRUCAO DE QUADRA POLIESPORTIVA COBERTA NO BAIRRO SANTO ANTONIO, CONTRATO DE REPASSE Nº 805058. PROC. 2954/2019.. SEME. TP Nº 004/2019. SAF. Nº 821/2019. PROC. 2954/2019 (CONTRAPARTIDA), CONFORME CONTRATO Nº 150/2019. REF. PARTE DA NFSE Nº 621.;TREZE MATERIAL DE CONST. E INCORPORACAO LTDA - ME;01.070.171/0001-50;R$ 22.849,98
14/09/2020;0001164/2019;0004077/2020;CONSTRUCAO DE QUADRA POLIESPORTIVA COBERTA NO BAIRRO SANTO ANTONIO, CONTRATO DE REPASSE Nº 805058. PROC. 2954/2019.. SEME. TP Nº 004/2019. SAF. Nº 821/2019. PROC. 2954/2019, CONFORME CONTRATO Nº 150/2019. REF. PARTE DA NFSE Nº 621.;TREZE MATERIAL DE CONST. E INCORPORACAO LTDA - ME;01.070.171/0001-50;R$ 78.907,36
09/09/2020;0002403/2019;0004034/2020;"CONTRATACAO DE EMPRESA ESPECIALIZADA PARA EXECUCAO DAS OBRAS DE REVITALIZACAO DO PARQUE DE EXPOSICOES ""LOURIVAL LOUGON MOULIN"", CONFORME CONVENIO Nº 82/2018 FIRMADO COM O GOVERNO DO ESTADO DO ESPIRITO SANTO, ATRAVES DA SECRETARIA DE ESTADO DESANEAMENTO, HABITACAO E DESENVOLVIMENTO URBANO - 2ª ETAPA. CONTRATO 248/2019. 4º ADITIVO. PROC. Nº2509/2020. REF. NFSE 117.";Construtora AJB Eireli ME;18.957.023/0001-54;R$ 66.689,37
20/08/2020;0000182/2019;0003571/2020;DESPESA NA CONTRATACAO PARA EXECUCAO DA OBRA DE CONSTRUCAO DA CRECHE DO PROINFANCIA TIPI 2, PROJETO PADRAO - FNDE. PROC. 4015/2019. TOMADA DE PRECOS Nº 006/2019, CONTRATO Nº 196/2019.;TREZE MATERIAL DE CONST. E INCORPORACAO LTDA - ME;01.070.171/0001-50;R$ 45.871,09
20/08/2020;0006314/2019;0003574/2020;CONTRATACAO DE EMPRESA ESPECIALIZADA PARA EXECUCAO DE OBRA DE REFORMA DO GINASIO JOSE RODRIGUES DA FONSECA NO MUNICIPIO DE JERONIMO MONTEIRO-ES. TP Nº03/2020, PROC. Nº1533/2020. CONTRATO Nº79/2020. REF. NFSE Nº 11.;Sercel Construcoes Eireli;34.262.928/0001-66;R$ 30.736,21
12/08/2020;0004544/2019;0003435/2020;CONTRATACAO DE EMPRESA ESPECIALIZADA PARA CONSTRUCAO DE UM POSTO DE ATENDIMENTO A SER CONSTRUIDO NA AV. JOSE FARAH, SN CENTRO JERONIMO MONTEIRO, AO LADO DA ANTIGA ESTACAO. PROC. 1247/2020. TP. Nº 06/2020. CONTRATO Nº74/2020. (APOSTILAMENTO PROC. Nº2054/2020). REF. NFSE Nº 4.;Construtora Rocha e Servicos Eireli;33.160.345/0001-61;R$ 23.351,12
10/08/2020;0000182/2019;0003400/2020;DESPESA NA CONTRATACAO PARA EXECUCAO DA OBRA DE CONSTRUCAP DA CRECHE DO PROINFANCIA TIPI 2, PROJETO PADRAO - FNDE. PROC. 4015/2019. REF. NFSE Nº 576.;TREZE MATERIAL DE CONST. E INCORPORACAO LTDA - ME;01.070.171/0001-50;R$ 20.136,61
10/08/2020;0000182/2019;0003402/2020;DESPESA NA CONTRATACAO PARA EXECUCAO DA OBRA DE CONSTRUCAP DA CRECHE DO PROINFANCIA TIPI 2, PROJETO PADRAO - FNDE. CONTRATO Nº196/2019. REF. NFSE Nº 559.;TREZE MATERIAL DE CONST. E INCORPORACAO LTDA - ME;01.070.171/0001-50;R$ 75.541,00
10/08/2020;0000182/2019;0001808/2020;ANULACAO DE PAGAMENTO TENDO EM VISTA QUE FOI FEITO NA CONTA ERRADA. FOI FEITA A DEVOLUCAO PARA  O ACERTO CONTABIL.;TREZE MATERIAL DE CONST. E INCORPORACAO LTDA - ME;01.070.171/0001-50;-R$ 75.541,00
10/08/2020;0000182/2019;0002795/2020;ANULACAO DE PAGAMENTO TENDO EM VISTA QUE FOI FEITO NA CONTA ERRADA. FOI FEITA A DEVOLUCAO PARA  O ACERTO CONTABIL.;TREZE MATERIAL DE CONST. E INCORPORACAO LTDA - ME;01.070.171/0001-50;-R$ 20.136,61
07/08/2020;0000793/2020;0003370/2020;CONTRATACAO DE EMPRESA ESPECIALIZADA PARA REFORMAR, AMPLIACAO E REVITALIZACAO DA CAPELA MORTUARIA NO MUNICIPIO DE JERONIMO MONTEIRO-ES. PROC. Nº2069/2020. CONTRATO Nº90/2020. TOMADA DE PRECO Nº7/2020. (PROC. DE APOSTILAMENTO Nº2544/2020). REF. NFSE Nº 52.;Empretec Multiserv Ltda - EPP;17.144.895/0001-30;R$ 29.750,34
05/08/2020;0002403/2019;0003272/2020;"CONTRATACAO DE EMPRESA ESPECIALIZADA PARA EXECUCAO DAS OBRAS DE REVITALIZACAO DO PARQUE DE EXPOSICOES ""LOURIVAL LOUGON MOULIN"", CONFORME CONVENIO Nº 82/2018 FIRMADO COM O GOVERNO DO ESTADO DO ESPIRITO SANTO, ATRAVES DA SECRETARIA DE ESTADO DESANEAMENTO, HABITACAO E DESENVOLVIMENTO URBANO - 2ª ETAPA.CONTRATO 248/2019. REF. NFSE Nº 113.";Construtora AJB Eireli ME;18.957.023/0001-54;R$ 102.785,59
05/08/2020;0006314/2019;0003273/2020;CONTRATACAO DE EMPRESA ESPECIALIZADA PARA EXECUCAO DE OBRA DE REFORMA DO GINASIO JOSE RODRIGUES DA FONSECA NO MUNICIPIO DE JERONIMO MONTEIRO-ES. TP Nº03/2020, PROC. Nº1533/2020. CONTRATO Nº79/2020. REF. NFSE Nº 10.;Sercel Construcoes Eireli;34.262.928/0001-66;R$ 63.272,58
05/08/2020;0000668/2019;0003274/2020;"CONTRATACAO DE EMPRESA PARA REALIZACAO DE SERVICOS DE DRENAGEM E PAVIMENTACAO DE RUA PROJETADA ""A"" LOCALIZADA NO CONJUNTO HABITACIONAL JOSE MARQUES E DRENAGEM E PEVIMENTACAO DA RUA PROJETADA PARANA, LOCALIZADA NO BAIRRO PARANA. CONVITE Nº004/2019. SAF. Nº1069/2019. PROC. 3997/2019. REF. NFSE Nº 76.";E L A Costrutora Eireli ME;24.604.292/0001-30;R$ 8.040,98
05/08/2020;0005711/2019;0003275/2020;"DESPESA COM ESGOTAMENTO SANITARIO, DAS RUAS QUE COMPOEM O BAIRRO ""LUIZ VASQUES"" NESTA CIDADE DE JERONIMO MONTEIRO. PROC. N1485/2020. CONTRATO Nº78/2020. (PROC. DE APOSTILAMENTO Nº2545/2020). REF. NFSE Nº 72.";EXPRESSO CONSTRUTORA LTDA ME;27.129.966/0001-80;R$ 111.970,81
04/08/2020;0002403/2019;0003271/2020;"CONTRATACAO DE EMPRESA ESPECIALIZADA PARA EXECUCAO DAS OBRAS DE REVITALIZACAO DO PARQUE DE EXPOSICOES ""LOURIVAL LOUGON MOULIN"", CONFORME CONVENIO Nº 82/2018 FIRMADO COM O GOVERNO DO ESTADO DO ESPIRITO SANTO, ATRAVES DA SECRETARIA DE ESTADO DESANEAMENTO, HABITACAO E DESENVOLVIMENTO URBANO - 2ª ETAPA.CONTRATO 248/2019. REF. NFSE Nº 106.";Construtora AJB Eireli ME;18.957.023/0001-54;R$ 63.562,58
22/07/2020;0006314/2019;0003007/2020;CONTRATACAO DE EMPRESA ESPECIALIZADA PARA EXECUCAO DE OBRA DE REFORMA DO GINASIO JOSE RODRIGUES DA FONSECA NO MUNICIPIO DE JERONIMO MONTEIRO-ES. TP Nº03/2020, PROC. Nº1533/2020. CONTRATO Nº79/2020. REF. NFSE Nº 9.;Sercel Construcoes Eireli;34.262.928/0001-66;R$ 33.397,95
22/07/2020;0000962/2020;0003052/2020;CONTRATACAO DE EMPRESA ESPECIALIZADA PARA EXECUCAO DE OBRA DE PAVIMENTACAO DE VIAS URBANAS, SENDO A RUA PROJETADA NA LOCALIDADE DE PARADA CRISTAL - NITEROI E TAMBEM A RUA PROJETADA (BECO DO QUIOSQUE DO ALVINHO) NA LOCALIDADE DE PARADA CRIATAL. PROCESSO Nº 962/2020. CONTRATO Nº88/2020. DISPENSA Nº47/2020. REF. NFSE Nº 1.;Construtora Rocha e Servicos Eireli;33.160.345/0001-61;R$ 30.896,09
17/07/2020;0005352/2018;0002889/2020;CONTRATACAO DE EMPRESA ESPECIALIZADA PARA EXECUCAO DE OBRA DE AMPLIACAO DA CRECHE MUNICIPAL QUE ESTA EM CONSTRUCAO, PERTENCENTE A ESTA MUNICIPALIDADE. TP Nº 002/2019,  CONFORME  CONTRATO Nº 96/2019.2195/2019. REF. NFSE Nº 38.O VALOR FOI FEITO PARCIAL TENDO EM VISTA DESCISAO JUDICIAL REF PROCESSOS Nº 2392 E 2393/2020.;Nazca Engenharia Ltda ME;10.591.518/0001-09;R$ 19.145,90
09/07/2020;0005045/2019;0002786/2020;CONTRATACAO DE EMPRESA PARA EXECUCAO DE OBRA DE CONSTRUCAO DE QUADRA POLIESPORTIVA NO BAIRRO VILA CRUZEIRO, CONSIDERANDO O CONVENIO FIRMADO ENTRE O GOVERNO FEDERAL, ATRAVES DO MUNISTERIO DO ESPORTE E ESTA PREFEITURA, CONFORME CONTRATO DE REPASSE Nº 862590-2017 - ME - CAIXA. TP Nº012/2019. PROC. 5482/2019. REF. NFSE Nº 324.;Lance Ltda - EPP;11.893.333/0001-03;R$ 95.781,31
09/07/2020;0001164/2019;0002789/2020;CONSTRUCAO DE QUADRA POLIESPORTIVA COBERTA NO BAIRRO SANTO ANTONIO, CONTRATO DE REPASSE Nº 805058. SEME. TP Nº 004/2019. SAF. Nº 821/2019. PROC. 2954/2019, CONFORME CONTRATO Nº 150/2019. REF. PARTE DA NFSE Nº 590.;TREZE MATERIAL DE CONST. E INCORPORACAO LTDA - ME;01.070.171/0001-50;R$ 70.287,50
09/07/2020;0001164/2019;0002790/2020;CONSTRUCAO DE QUADRA POLIESPORTIVA COBERTA NO BAIRRO SANTO ANTONIO, CONTRATO DE REPASSE Nº 805058. PROC. 2954/2019.. SEME. TP Nº 004/2019. SAF. Nº 821/2019. PROC. 2954/2019, CONFORME CONTRATO Nº 150/2019. REF. PARTE DA NFSE Nº 590.;TREZE MATERIAL DE CONST. E INCORPORACAO LTDA - ME;01.070.171/0001-50;R$ 34.870,25
09/07/2020;0001164/2019;0002791/2020;CONSTRUCAO DE QUADRA POLIESPORTIVA COBERTA NO BAIRRO SANTO ANTONIO, CONTRATO DE REPASSE Nº 805058. PROC. 2954/2019.. SEME. TP Nº 004/2019. SAF. Nº 821/2019. PROC. 2954/2019 (CONTRAPARTIDA), CONFORME CONTRATO Nº 150/2019. REF. PARTE DA NFSE Nº 590.;TREZE MATERIAL DE CONST. E INCORPORACAO LTDA - ME;01.070.171/0001-50;R$ 40.972,78
09/07/2020;0000182/2019;0002795/2020;DESPESA NA CONTRATACAO PARA EXECUCAO DA OBRA DE CONSTRUCAP DA CRECHE DO PROINFANCIA TIPI 2, PROJETO PADRAO - FNDE. PROC. 4015/2019. REF. NFSE Nº 576.;TREZE MATERIAL DE CONST. E INCORPORACAO LTDA - ME;01.070.171/0001-50;R$ 20.136,61
09/07/2020;0002086/2019;0002797/2020;CONTRATACAO DE EMPRESA PARA EXECUCAO DE OBRAS DE REFORMA NAS ESCOLAS MUN ICIPAIS, VISANDO ATENDER AS ADEQUACOES SOLICITADAS PELO CORPO DE BOMBEIROS MILITAR DO ESPIRITO SANTO E CONSTRUCAO DE ESCOVODROMOS. SAF:1460/2019 TP:11/2019  CONTRATO Nº 264/2019   PROCESSO: 5998/2019. REF. NFSE Nº 565.;TREZE MATERIAL DE CONST. E INCORPORACAO LTDA - ME;01.070.171/0001-50;R$ 9.351,70
09/07/2020;0000302/2018;0002799/2020;"CONTRATACAO DE EMPRESA ESPECIALIZADA PARA EXECUCAO DE SERVICOS DE DRENAGEM E PAVIMENTACAO DE VIAS URBANAS LOCALIZADAS NO CONJUNTO HABITACIONAL ""JOSE MARQUES"", NO MUNICIPIO DE JERONIMO MONTEIRO. CONFORME CONTRATO DE REPASSE Nº 849417/2017 CELEBRADO ENTRE A UNIAO FEDERAL, POR INTERMEDIO DO MINISTERIO DAS CIDADES. PROC. 302/2018. CONFORME CONTRATO Nº 170/2018. REF. NFSE Nº 202000000000147.";Construtora Sao Miguel LTDA - ME;13.134.819/0001-93;R$ 45.337,50
09/07/2020;0000302/2018;0002800/2020;"CONTRATACAO DE EMPRESA ESPECIALIZADA PARA EXECUCAO DE SERVICOS DE DRENAGEM E PAVIMENTACAO DE VIAS URBANAS LOCALIZADAS NO CONJUNTO HABITACIONAL ""JOSE MARQUES"", NO MUNICIPIO DE JERONIMO MONTEIRO. CONFORME CONTRATO DE REPASSE Nº 849417/2017 CELEBRADO ENTRE A UNIAO FEDERAL, POR INTERMEDIO DO MINISTERIO DAS CIDADES. (CONTRAPARTIDA). PROC. 302/2018. CONFORME CONTRATO Nº 170/2018. REF. PARTE DA NFSE Nº 20200000000147.";Construtora Sao Miguel LTDA - ME;13.134.819/0001-93;R$ 139,17
01/07/2020;0002403/2019;0002503/2020;"CONTRATACAO DE EMPRESA ESPECIALIZADA PARA EXECUCAO DAS OBRAS DE REVITALIZACAO DO PARQUE DE EXPOSICOES ""LOURIVAL LOUGON MOULIN"", CONFORME CONVENIO Nº 82/2018FIRMADO COM O GOVERNO DO ESTADO DO ESPIRITO SANTO, ATRAVES DA SECRETARIA DE ESTADO DESANEAMENTO, HABITACAO E DESENVOLVIMENTO URBANO - 2ª ETAPA.CONTRATO 248/2019. PROC. 5399/2019. REF. NFSE Nº 107.";Construtora AJB Eireli ME;18.957.023/0001-54;R$ 20.407,96
01/07/2020;0005045/2019;0002566/2020;CONTRATACAO DE EMPRESA PARA EXECUCAO DE OBRA DE CONSTRUCAO DE QUADRA POLIESPORTIVA NO BAIRRO VILA CRUZEIRO, CONSIDERANDO O CONVENIO FIRMADO ENTRE O GOVERNO FEDERAL, ATRAVES DO MUNISTERIO DO ESPORTE E ESTA PREFEITURA, CONFORME CONTRATO DE REPASSE Nº 862590-2017 - ME - CAIXA. TP Nº012/2019. PROC. 5482/2019. REF. NFSE Nº 306.;Lance Ltda - EPP;11.893.333/0001-03;R$ 26.219,60
30/06/2020;0006314/2019;0002479/2020;CONTRATACAO DE EMPRESA ESPECIALIZADA PARA EXECUCAO DE OBRA DE REFORMA DO GINASIO JOSE RODRIGUES DA FONSECA NO MUNICIPIO DE JERONIMO MONTEIRO-ES. TP Nº03/2020, PROC. Nº1533/2020. CONTRATO Nº79/2020. REF. NFSE Nº 8.;Sercel Construcoes Eireli;34.262.928/0001-66;R$ 68.152,10
30/06/2020;0005711/2019;0002482/2020;"DESPESA COM ESGOTAMENTO SANITARIO, DAS RUAS QUE COMPOEM O BAIRRO ""LUIZ VASQUES"" NESTA CIDADE DE JERONIMO MONTEIRO. PROC. N1485/2020. CONTRATO Nº78/2020. REF. NFSE Nº 67.";EXPRESSO CONSTRUTORA LTDA ME;27.129.966/0001-80;R$ 156.125,66
30/06/2020;0003791/2018;0002488/2020;"CONTRATACAO DE EMPRESA ESPECIALIZADA PARA EXECUCAO DAS OBRAS DE REVITALIZACAO DO PARQUE DE EXPOSICOES ""LOURIVAL LOUGON MOULIN"", CONFORME CONVENIO Nº 33/2018FIRMADO COM O GOVERNO DO ESTADO DO ESPIRITO SANTO, ATRAVES DA SECRETARIA DE ESTADO DESANEAMENTO, HABITACAO E DESENVOLVIMENTO URBANO. CONTRATO 287/2018. REF. NFSE Nº 16.";Forteluz contrucoes e servicos;03.520.522/0001-02;R$ 7.521,13
30/06/2020;0002403/2019;0002497/2020;"CONTRATACAO DE EMPRESA ESPECIALIZADA PARA EXECUCAO DAS OBRAS DE REVITALIZACAO DO PARQUE DE EXPOSICOES ""LOURIVAL LOUGON MOULIN"", CONFORME CONVENIO Nº 82/2018 FIRMADO COM O GOVERNO DO ESTADO DO ESPIRITO SANTO, ATRAVES DA SECRETARIA DE ESTADO DESANEAMENTO, HABITACAO E DESENVOLVIMENTO URBANO - 2ª ETAPA.CONTRATO 248/2019. REF. NFSE Nº 106.";Construtora AJB Eireli ME;18.957.023/0001-54;R$ 50.000,00
26/06/2020;0003791/2018;0002466/2020;"REVITALIZACAO DO PARQUE DE EXPOSICOES ""LOURIVAL LUGON MOULIN"", CONFORME CONVENIO Nº 80848842. PROC. 3791/2018, CONFORME CONTRATO Nº 287/2018. REF. PARTE DA NFSE Nº 14.";Forteluz contrucoes e servicos;03.520.522/0001-02;R$ 89.595,90
26/06/2020;0003791/2018;0002465/2020;"CONTRATACAO DE EMPRESA ESPECIALIZADA PARA EXECUCAO DAS OBRAS DE REVITALIZACAO DO PARQUE DE EXPOSICOES ""LOURIVAL LOUGON MOULIN"", CONFORME CONVENIO Nº 33/2018FIRMADO COM O GOVERNO DO ESTADO DO ESPIRITO SANTO, ATRAVES DA SECRETARIA DE ESTADO DESANEAMENTO, HABITACAO E DESENVOLVIMENTO URBANO. CONTRATO 287/2018. REF. PARTE DA NFSE Nº 14.";Forteluz contrucoes e servicos;03.520.522/0001-02;R$ 113.045,72
30/04/2020;0000668/2019;0001971/2020;"CONTRATACAO DE EMPRESA PARA REALIZACAO DE SERVICOS DE DRENAGEM E PAVIMENTACAO DE RUA PROJETADA ""A"" LOCALIZADA NO CONJUNTO HABITACIONAL JOSE MARQUES E DRENAGEM E PEVIMENTACAO DA RUA PROJETADA PARANA, LOCALIZADA NO BAIRRO PARANA. CONVITE Nº004/2019. SAF. Nº1069/2019. PROC. 3997/2019. REF . NFSE Nº 65.";E L A Costrutora Eireli ME;24.604.292/0001-30;R$ 54.933,15
30/04/2020;0002403/2019;0001977/2020;"CONTRATACAO DE EMPRESA ESPECIALIZADA PARA EXECUCAO DAS OBRAS DE REVITALIZACAO DO PARQUE DE EXPOSICOES ""LOURIVAL LOUGON MOULIN"", CONFORME CONVENIO Nº 82/2018FIRMADO COM O GOVERNO DO ESTADO DO ESPIRITO SANTO, ATRAVES DA SECRETARIA DE ESTADO DESANEAMENTO, HABITACAO E DESENVOLVIMENTO URBANO - 2ª ETAPA.CONTRATO 248/2019. PROC. 5399/2019 REF NFSE Nº 101.";Construtora AJB Eireli ME;18.957.023/0001-54;R$ 96.763,01
30/04/2020;0002403/2019;0001980/2020;"CONTRATACAO DE EMPRESA ESPECIALIZADA PARA EXECUCAO DAS OBRAS DE REVITALIZACAO DO PARQUE DE EXPOSICOES ""LOURIVAL LOUGON MOULIN"", CONFORME CONVENIO Nº 82/2018FIRMADO COM O GOVERNO DO ESTADO DO ESPIRITO SANTO, ATRAVES DA SECRETARIA DE ESTADO DESANEAMENTO, HABITACAO E DESENVOLVIMENTO URBANO - 2ª ETAPA.CONTRATO 248/2019. PROC. 5399/2019";Construtora AJB Eireli ME;18.957.023/0001-54;R$ 40.828,30
27/04/2020;0002086/2019;0001879/2020;CONTRATACAO DE EMPRESA PARA EXECUCAO DE OBRAS DE REFORMA NAS ESCOLAS MUN ICIPAIS, VISANDO ATENDER AS ADEQUACOES SOLICITADAS PELO CORPO DE BOMBEIROS MILITAR DO ESPIRITO SANTO E CONSTRUCAO DE ESCOVODROMOS. SAF:1460/2019 TP:11/2019  CONTRATO Nº 264/2019   PROCESSO: 5999/2019. REF. PARTE DA NFSE N º 562.;TREZE MATERIAL DE CONST. E INCORPORACAO LTDA - ME;01.070.171/0001-50;R$ 6.207,25
27/04/2020;0002086/2019;0001880/2020;CONTRATACAO DE EMPRESA PARA EXECUCAO DE OBRAS DE REFORMA NAS ESCOLAS MUNICIPAIS, VISANDO ATENDER AS ADEQUACOES SOLICITADAS PELO CORPO DE BOMBEIROS MILITAR DO ESPIRITO SANTO E CONSTRUCAO DE ESCOVODROMOS. SAF:1460/2019 TP:11/2019  CONTRATO Nº 264/2019   PROCESSO: 5997/2019. REF PARTE  NFSE Nº 562.;TREZE MATERIAL DE CONST. E INCORPORACAO LTDA - ME;01.070.171/0001-50;R$ 18.110,31
17/04/2020;0000182/2019;0001808/2020;DESPESA NA CONTRATACAO PARA EXECUCAO DA OBRA DE CONSTRUCAP DA CRECHE DO PROINFANCIA TIPI 2, PROJETO PADRAO - FNDE. CONTRATO Nº196/2019. REF. NFSE Nº 559.;TREZE MATERIAL DE CONST. E INCORPORACAO LTDA - ME;01.070.171/0001-50;R$ 75.541,00
15/04/2020;0006126/2018;0001683/2020;CONTRATACAO DE EMPRESA PARA A EXECUCAO DAS OBRAS DE ILUMINACAO DO CAMPO DE FUTEBOL SOCIETY DA COMUNIDADE DE ALIANCA. PROC. 4344/2019. CONTRATO Nº265/2019. REF. PARTE DA NFSE Nº 87.;LR Servicos e Engenharia Eireli;28.829.576/0001-85;R$ 19.180,92
15/04/2020;0006126/2018;0001694/2020;CONTRATACAO DE EMPRESA PARA A EXECUCAO DAS OBRAS DE ILUMINACAO DO CAMPO DE FUTEBOL SOCIETY DA COMUNIDADE DE ALIANCA. PROC. 4344/2019. CONTRATO Nº265/2019. REF. PARTE DA NFSE Nº 87.;LR Servicos e Engenharia Eireli;28.829.576/0001-85;R$ 13.061,28
08/04/2020;0005045/2019;0001619/2020;CONTRATACAO DE EMPRESA PARA EXECUCAO DE OBRA DE CONSTRUCAO DE QUADRA POLIESPORTIVA NO BAIRRO VILA CRUZEIRO, CONSIDERANDO O CONVENIO FIRMADO ENTRE O GOVERNO FEDERAL, ATRAVES DO MUNISTERIO DO ESPORTE E ESTA PREFEITURA, CONFORME CONTRATO DE REPASSE Nº 862590-2017 - ME - CAIXA. TP Nº012/2019. PROC. 5482/2019. REF. PARTE DA NFSE Nº 293.;Lance Ltda - EPP;11.893.333/0001-03;R$ 54.848,17
08/04/2020;0005045/2019;0001622/2020;CONTRATACAO DE EMPRESA PARA EXECUCAO DE OBRA DE CONSTRUCAO DE QUADRA POLIESPORTIVA NO BAIRRO VILA CRUZEIRO, CONSIDERANDO O CONVENIO FIRMADO ENTRE O GOVERNO FEDERAL, ATRAVES DO MUNISTERIO DO ESPORTE E ESTA PREFEITURA, CONFORME CONTRATO DE REPASSE Nº 862590-2017 - ME - CAIXA. (CONTRAPARTIDA) TP Nº012/2019. PROC. 5482/2019. REF. PARTE DA NFSE Nº293.;Lance Ltda - EPP;11.893.333/0001-03;R$ 3.250,00
07/04/2020;0003791/2018;0001599/2020;"CONTRATACAO DE EMPRESA ESPECIALIZADA PARA EXECUCAO DAS OBRAS DE REVITALIZACAO DO PARQUE DE EXPOSICOES ""LOURIVAL LOUGON MOULIN"", CONFORME CONVENIO Nº 33/2018FIRMADO COM O GOVERNO DO ESTADO DO ESPIRITO SANTO, ATRAVES DA SECRETARIA DE ESTADO DESANEAMENTO, HABITACAO E DESENVOLVIMENTO URBANO. CONTRATO 287/2018. REF. NFSE Nº 12";Forteluz contrucoes e servicos;03.520.522/0001-02;R$ 140.106,68
07/04/2020;0001164/2019;0001579/2020;CONSTRUCAO DE QUADRA POLIESPORTIVA COBERTA NO BAIRRO SANTO ANTONIO, CONTRATO DE REPASSE Nº 805058. PROC. 2954/2019.. SEME. TP Nº 004/2019. SAF. Nº 821/2019. PROC. 2954/2019 (CONTRAPARTIDA), CONFORME CONTRATO Nº 150/2019. REF. PARTE DA NFSE Nº 553.;TREZE MATERIAL DE CONST. E INCORPORACAO LTDA - ME;01.070.171/0001-50;R$ 14.693,19
06/04/2020;0005045/2019;0001515/2020;OP FEITA ERRONEAMENTE.;Lance Ltda - EPP;11.893.333/0001-03;-R$ 3.250,00
03/04/2020;0000668/2019;0001531/2020;"CONTRATACAO DE EMPRESA PARA REALIZACAO DE SERVICOS DE DRENAGEM E PAVIMENTACAO DE RUA PROJETADA ""A"" LOCALIZADA NO CONJUNTO HABITACIONAL JOSE MARQUES E DRENAGEM E PEVIMENTACAO DA RUA PROJETADA PARANA, LOCALIZADA NO BAIRRO PARANA. CONVITE Nº004/2019. SAF. Nº1069/2019. PROC. 3997/2019. ref. nfse nº 61.";E L A Costrutora Eireli ME;24.604.292/0001-30;R$ 39.662,33
02/04/2020;0001164/2019;0001519/2020;CONSTRUCAO DE QUADRA POLIESPORTIVA COBERTA NO BAIRRO SANTO ANTONIO, CONTRATO DE REPASSE Nº 805058. SEME. TP Nº 004/2019. SAF. Nº 821/2019. PROC. 2954/2019, CONFORME CONTRATO Nº 150/2019. REF. PARTE DA NFSE Nº 553.;TREZE MATERIAL DE CONST. E INCORPORACAO LTDA - ME;01.070.171/0001-50;R$ 50.746,30
01/04/2020;0005045/2019;0001515/2020;CONTRATACAO DE EMPRESA PARA EXECUCAO DE OBRA DE CONSTRUCAO DE QUADRA POLIESPORTIVA NO BAIRRO VILA CRUZEIRO, CONSIDERANDO O CONVENIO FIRMADO ENTRE O GOVERNO FEDERAL, ATRAVES DO MUNISTERIO DO ESPORTE E ESTA PREFEITURA, CONFORME CONTRATO DE REPASSE Nº 862590-2017 - ME - CAIXA. (CONTRAPARTIDA) TP Nº012/2019. PROC. 5482/2019. REF. PARTE DA NFSE Nº293.;Lance Ltda - EPP;11.893.333/0001-03;R$ 3.250,00
27/03/2020;0005045/2019;0001404/2020;CONTRATACAO DE EMPRESA PARA EXECUCAO DE OBRA DE CONSTRUCAO DE QUADRA POLIESPORTIVA NO BAIRRO VILA CRUZEIRO, CONSIDERANDO O CONVENIO FIRMADO ENTRE O GOVERNO FEDERAL, ATRAVES DO MUNISTERIO DO ESPORTE E ESTA PREFEITURA, CONFORME CONTRATO DE REPASSE Nº 862590-2017 - ME - CAIXA. (CONTRAPARTIDA) TP Nº012/2019. PROC. 5482/2019. REF. PARTE DA NFSE Nº293.;Lance Ltda - EPP;11.893.333/0001-03;R$ 3.250,00
27/03/2020;0005352/2018;0001418/2020;CONTRATACAO DE EMPRESA ESPECIALIZADA PARA EXECUCAO DE OBRA DE AMPLIACAO DA CRECHE MUNICIPAL QUE ESTA EM CONSTRUCAO, PERTENCENTE A ESTA MUNICIPALIDADE. TP Nº 002/2019, CONFORME CONTRATO Nº 96/2019.2195/2019. REF. NFSE Nº 31.;Nazca Engenharia Ltda ME;10.591.518/0001-09;R$ 13.297,21
27/03/2020;0005045/2019;0001404/2020;TENDO EM VISTA QUE A CONTRAPARTIDA FOI FEITA NA CONTA DA EMPRESA E NAO NA CONTA PARA PAGAMENTO DA EMPRESA. A EMPRESA FOI NOTIFICADA VIA EMAIL E VAI PRROCEDER A DEVOLUCAO.;Lance Ltda - EPP;11.893.333/0001-03;-R$ 3.250,00
20/03/2020;0005352/2018;0001343/2020;CONTRATACAO DE EMPRESA ESPECIALIZADA PARA EXECUCAO DE OBRA DE AMPLIACAO DA CRECHE MUNICIPAL QUE ESTA EM CONSTRUCAO, PERTENCENTE A ESTA MUNICIPALIDADE. TP Nº 002/2019, CONFORME CONTRATO Nº 96/2019.2195/2019. REF. NFSE Nº 31. PAGAMENTO DE GUIA JUDICIAL CONFORME PROCESSO Nº 1193/2020.;Nazca Engenharia Ltda ME;10.591.518/0001-09;R$ 3.000,00
20/03/2020;0005352/2018;0001344/2020;CONTRATACAO DE EMPRESA ESPECIALIZADA PARA EXECUCAO DE OBRA DE AMPLIACAO DA CRECHE MUNICIPAL QUE ESTA EM CONSTRUCAO, PERTENCENTE A ESTA MUNICIPALIDADE. TP Nº 002/2019, CONFORME CONTRATO Nº 96/2019.2195/2019. REF. NFSE Nº 31.PAGAMENTO DE GUIA JUDICIAL CONFORME PROCESSO Nº 1305/2020.;Nazca Engenharia Ltda ME;10.591.518/0001-09;R$ 3.527,86
20/03/2020;0005352/2018;0001345/2020;CONTRATACAO DE EMPRESA ESPECIALIZADA PARA EXECUCAO DE OBRA DE AMPLIACAO DA CRECHE MUNICIPAL QUE ESTA EM CONSTRUCAO, PERTENCENTE A ESTA MUNICIPALIDADE. TP Nº 002/2019, CONFORME CONTRATO Nº 96/2019.2195/2019. REF. NFSE Nº 31.PAGAMENTO DE GUIA JUDICIAL CONFORME PROCESSO Nº 1199/2020.;Nazca Engenharia Ltda ME;10.591.518/0001-09;R$ 3.000,00
20/03/2020;0005352/2018;0001346/2020;CONTRATACAO DE EMPRESA ESPECIALIZADA PARA EXECUCAO DE OBRA DE AMPLIACAO DA CRECHE MUNICIPAL QUE ESTA EM CONSTRUCAO, PERTENCENTE A ESTA MUNICIPALIDADE. TP Nº 002/2019, CONFORME CONTRATO Nº 96/2019.2195/2019. REF. NFSE Nº 31.PAGAMENTO DE GUIA JUDICIAL CONFORME PROCESSO Nº 1306/2020.;Nazca Engenharia Ltda ME;10.591.518/0001-09;R$ 3.490,50
19/03/2020;0002403/2019;0001219/2020;"CONTRATACAO DE EMPRESA ESPECIALIZADA PARA EXECUCAO DAS OBRAS DE REVITALIZACAO DO PARQUE DE EXPOSICOES ""LOURIVAL LOUGON MOULIN"", CONFORME CONVENIO Nº 82/2018FIRMADO COM O GOVERNO DO ESTADO DO ESPIRITO SANTO, ATRAVES DA SECRETARIA DE ESTADO DESANEAMENTO, HABITACAO E DESENVOLVIMENTO URBANO - 2ª ETAPA.CONTRATO 248/2019. PROC. 5399/2019. REF. NFSE Nº 94.";Construtora AJB Eireli ME;18.957.023/0001-54;R$ 91.374,95
18/03/2020;0002403/2019;0001214/2020;"CONTRATACAO DE EMPRESA ESPECIALIZADA PARA EXECUCAO DAS OBRAS DE REVITALIZACAO DO PARQUE DE EXPOSICOES ""LOURIVAL LOUGON MOULIN"", CONFORME CONVENIO Nº 82/2018FIRMADO COM O GOVERNO DO ESTADO DO ESPIRITO SANTO, ATRAVES DA SECRETARIA DE ESTADO DESANEAMENTO, HABITACAO E DESENVOLVIMENTO URBANO - 2ª ETAPA.CONTRATO 248/2019. PROC. 5399/2019. VALOR REF AO INSS DA EMPRESA DESCONTADO ERRONEAMENTE.";Construtora AJB Eireli ME;18.957.023/0001-54;R$ 3.572,59
03/03/2020;0002403/2019;0000897/2020;"CONTRATACAO DE EMPRESA ESPECIALIZADA PARA EXECUCAO DAS OBRAS DE REVITALIZACAO DO PARQUE DE EXPOSICOES ""LOURIVAL LOUGON MOULIN"", CONFORME CONVENIO Nº 82/2018FIRMADO COM O GOVERNO DO ESTADO DO ESPIRITO SANTO, ATRAVES DA SECRETARIA DE ESTADO DESANEAMENTO, HABITACAO E DESENVOLVIMENTO URBANO - 2ª ETAPA.CONTRATO 248/2019. PROC. 5399/2019. REF. NFSE Nº 91.";Construtora AJB Eireli ME;18.957.023/0001-54;R$ 84.569,75
28/02/2020;0003791/2018;0000863/2020;"CONTRATACAO DE EMPRESA ESPECIALIZADA PARA EXECUCAO DAS OBRAS DE REVITALIZACAO DO PARQUE DE EXPOSICOES ""LOURIVAL LOUGON MOULIN"", CONFORME CONVENIO Nº 33/2018FIRMADO COM O GOVERNO DO ESTADO DO ESPIRITO SANTO, ATRAVES DA SECRETARIA DE ESTADO DESANEAMENTO, HABITACAO E DESENVOLVIMENTO URBANO. ADITIVO DE VALOR E PRAZO NO CONTRATO Nº287/2018. PROC Nº5434/2019. REF. NFSE Nº 11.";Forteluz contrucoes e servicos;03.520.522/0001-02;R$ 37.358,61
28/02/2020;0000668/2019;0000864/2020;"CONTRATACAO DE EMPRESA PARA REALIZACAO DE SERVICOS DE DRENAGEM E PAVIMENTACAO DE RUA PROJETADA ""A"" LOCALIZADA NO CONJUNTO HABITACIONAL JOSE MARQUES E DRENAGEM E PEVIMENTACAO DA RUA PROJETADA PARANA, LOCALIZADA NO BAIRRO PARANA. CONVITE Nº004/2019. SAF. Nº1069/2019. PROC. 3997/2019. REF. NFSE Nº 50.";E L A Costrutora Eireli ME;24.604.292/0001-30;R$ 44.048,73
17/02/2020;0003791/2018;0000634/2020;"CONTRATACAO DE EMPRESA ESPECIALIZADA PARA EXECUCAO DAS OBRAS DE REVITALIZACAO DO PARQUE DE EXPOSICOES ""LOURIVAL LOUGON MOULIN"", CONFORME CONVENIO Nº 33/2018FIRMADO COM O GOVERNO DO ESTADO DO ESPIRITO SANTO, ATRAVES DA SECRETARIA DE ESTADO DESANEAMENTO, HABITACAO E DESENVOLVIMENTO URBANO. CONTRATO 287/2018. REF. NFSE Nº 10.";Forteluz contrucoes e servicos;03.520.522/0001-02;R$ 79.830,63
05/02/2020;0000486/2018;0000498/2020;CONTRATACAO DE EMPRESA PARA EXECUTAR OBRAS DE ADEQUACAO DE PREDIO DA ESTACAO FERROVIARIA, LOCALIZADA NA SEDE DO MUNICIPIO DE JERONIMO MONTEIRO/ES, PARA INSTALACAO DE MUSEU, BIBLIOTECA MUNICIPAL E ARQUIVO MUNICIPAL, CONFORME CONTRATO DE REPASSE OGU Nº 832172/2016/MTUR/CAIXA, CELEBRADO COM A UNIAO FEDERAL, POR INTERMEDIO DO MINISTERIO DO TURISMO. TOMADA DE PRECOS Nº 004/2018. CONFORME CONTRATO Nº 193/2018. REF. PARTE DA NFSE Nº 528.;TREZE MATERIAL DE CONST. E INCORPORACAO LTDA - ME;01.070.171/0001-50;R$ 41.201,85
05/02/2020;0000486/2018;0000499/2020;CONTRATACAO DE EMPRESA PARA EXECUTAR OBRAS DE ADEQUACAO DE PREDIO DA ESTACAO FERROVIARIA, LOCALIZADA NA SEDE DO MUNICIPIO DE JERONIMO MONTEIRO/ES, PARA INSTALACAO DE MUSEU, BIBLIOTECA MUNICIPAL E ARQUIVO MUNICIPAL, CONFORME CONTRATO DE REPASSE OGU Nº 832172/2016/MTUR/CAIXA, CELEBRADO COM A UNIAO FEDERAL, POR INTERMEDIO DO MINISTERIO DO TURISMO. TOMADA DE PRECOS Nº 004/2018. CONFORME CONTRATO Nº 193/2018. REF. PARTE DA NFSE Nº 528.;TREZE MATERIAL DE CONST. E INCORPORACAO LTDA - ME;01.070.171/0001-50;R$ 43,42
24/01/2020;0000182/2019;0000366/2020;DESPESA NA CONTRATACAO PARA EXECUCAO DA OBRA DE CONSTRUCAP DA CRECHE DO PROINFANCIA TIPO 2, PROJETO PADRAO - FNDE. PROC. 5922/2019. 1º ADITIVO AO CONTRATO Nº 196/2019. REF. NFSE Nº 522;TREZE MATERIAL DE CONST. E INCORPORACAO LTDA - ME;01.070.171/0001-50;R$ 43.297,85
09/01/2020;0000668/2019;0000166/2020;"CONTRATACAO DE EMPRESA PARA REALIZACAO DE SERVICOS DE DRENAGEM E PAVIMENTACAO DE RUA PROJETADA ""A"" LOCALIZADA NO CONJUNTO HABITACIONAL JOSE MARQUES E DRENAGEM E PEVIMENTACAO DA RUA PROJETADA PARANA, LOCALIZADA NO BAIRRO PARANA. CONVITE Nº004/2019. SAF. Nº1069/2019. PROC. 3997/2019. REF. PARTE DA NFSE Nº 49.";E L A Costrutora Eireli ME;24.604.292/0001-30;R$ 29.625,39
09/01/2020;0000668/2019;0000169/2020;CONTRATACAO DE EMPRESA PARA REALIZACAO DE PAVIMENTACAO DO TERRENO DA CAPELA MORTUARIA. CONVITE Nº004/2019. SAF. Nº1069/2019. PROC. 3997/2019. REF. PARTE DA NFSE Nº 49.;E L A Costrutora Eireli ME;24.604.292/0001-30;R$ 11.885,92
06/01/2020;0002586/2016;0000057/2020;DESPESA COM CONTRATACAO DE EMPRESA ESPECIALIZADA PARA EXECUCAO DAS OBRAS DE AMPLIACAO DO SISTEMA DE ABASTECIMENTO DE AGUA DA SEDE DO MUNICIPIO DE JERONIMO MONTEIRO, CONFORME CONVENIO Nº 1042/13 DA FUNDACAO NACIONAL DE SAUDE - FUNASA, CONFORME ESPECIFICACOES CONTIDAS NO EDITAL DE CONCORRENCIA PUBLICA Nº 001/16. PROC. Nº 1749/2019. 5º ADITIVO AO CONTRATO Nº 42/2017.(PROC. 1749/2019 DE ALTERACAO DE FONTE DE RECURSO.) REF. NFSE Nº 00554.;Vibra Construcoes Comercio e Servicos LTDA;07.375.085/0001-31;R$ 35.791,26
27/12/2019;0003791/2018;0006637/2019;"REVITALIZACAO DO PARQUE DE EXPOSICOES ""LOURIVAL LUGON MOULIN"", CONFORME CONVENIO Nº 80848842. PROC. 3791/2018, CONFORME CONTRATO Nº 287/2018. REF. NFSE Nº 9.";Forteluz contrucoes e servicos;03.520.522/0001-02;R$ 38.969,55
18/12/2019;0003791/2018;0006275/2019;"REVITALIZACAO DO PARQUE DE EXPOSICOES ""LOURIVAL LUGON MOULIN"", CONFORME CONVENIO Nº 80848842. PROC. 3791/2018, CONFORME CONTRATO Nº 287/2018. REF. PARTE DA NFSE Nº 6.";Forteluz contrucoes e servicos;03.520.522/0001-02;R$ 108.602,45
18/12/2019;0003791/2018;0006276/2019;"REVITALIZACAO DO PARQUE DE EXPOSICOES ""LOURIVAL LUGON MOULIN"", CONFORME CONVENIO Nº 80848842. PROC. 3791/2018, CONFORME CONTRATO Nº 287/2018. REF. PARTE DA NFSE Nº 6.";Forteluz contrucoes e servicos;03.520.522/0001-02;R$ 138.143,76
18/12/2019;0003791/2018;0006277/2019;"REVITALIZACAO DO PARQUE DE EXPOSICOES ""LOURIVAL LUGON MOULIN"", CONFORME CONVENIO Nº 80848842. PROC. 3791/2018, CONFORME CONTRATO Nº 287/2018. REF. NFSE Nº 7.";Forteluz contrucoes e servicos;03.520.522/0001-02;R$ 96.089,86
06/12/2019;0000302/2018;0006103/2019;ADITIVO DE REAJUSTE NO VALOR. CONTRATO Nº170/2018. ( 3º ADITIVO)  PROC. 3499/2019. REF. NFSE Nº 119.;Construtora Sao Miguel LTDA - ME;13.134.819/0001-93;R$ 5.213,41
29/11/2019;0000668/2019;0005840/2019;CONTRATACAO DE EMPRESA PARA REALIZACAO DE PAVIMENTACAO DO TERRENO DA CAPELA MORTUARIA. CONVITE Nº004/2019. SAF. Nº1069/2019. PROC. 3997/2019. REF. PARTE DA NFSE Nº 44.;E L A Costrutora Eireli ME;24.604.292/0001-30;R$ 8.401,75
29/11/2019;0000668/2019;0005841/2019;CONTRATACAO DE EMPRESA PARA REALIZACAO DE PAVIMENTACAO DO TERRENO DA CAPELA MORTUARIA. CONVITE Nº004/2019. SAF. Nº1069/2019. PROC. 3997/2019. REF. PARTE DA NFSE Nº 44.;E L A Costrutora Eireli ME;24.604.292/0001-30;R$ 41.792,04
29/11/2019;0000302/2018;0005971/2019;"CONTRATACAO DE EMPRESA ESPECIALIZADA PARA EXECUCAO DE SERVICOS DE DRENAGEM E PAVIMENTACAO DE VIAS URBANAS LOCALIZADAS NO CONJUNTO HABITACIONAL ""JOSE MARQUES"", NO MUNICIPIO DE JERONIMO MONTEIRO. CONFORME CONTRATO DE REPASSE Nº 849417/2017 CELEBRADO ENTRE A UNIAO FEDERAL, POR INTERMEDIO DO MINISTERIO DAS CIDADES. (CONTRAPARTIDA). PROC. 302/2018. CONFORME CONTRATO Nº 170/2018. REF. NFSE Nº 124.";Construtora Sao Miguel LTDA - ME;13.134.819/0001-93;R$ 335,83
26/11/2019;0000302/2018;0005836/2019;"CONTRATACAO DE EMPRESA ESPECIALIZADA PARA EXECUCAO DE SERVICOS DE DRENAGEM E PAVIMENTACAO DE VIAS URBANAS LOCALIZADAS NO CONJUNTO HABITACIONAL ""JOSE MARQUES"", NO MUNICIPIO DE JERONIMO MONTEIRO. CONFORME CONTRATO DE REPASSE Nº 849417/2017 CELEBRADO ENTRE A UNIAO FEDERAL, POR INTERMEDIO DO MINISTERIO DAS CIDADES. PROC. 302/2018. CONFORME CONTRATO Nº 170/2018. REF. NFSE Nº 124.";Construtora Sao Miguel LTDA - ME;13.134.819/0001-93;R$ 78.931,35
21/11/2019;0005352/2018;0005777/2019;CONTRATACAO DE EMPRESA ESPECIALIZADA PARA EXECUCAO DE OBRA DE AMPLIACAO DA CRECHE MUNICIPAL QUE ESTA EM CONSTRUCAO, PERTENCENTE A ESTA MUNICIPALIDADE. TP Nº 002/2019,  CONFORME  CONTRATO Nº 96/2019. REF. NFSE Nº 23.2195/2019 .;Nazca Engenharia Ltda ME;10.591.518/0001-09;R$ 34.467,01
07/11/2019;0002586/2016;0005479/2019;DESPESA COM CONTRATACAO DE EMPRESA ESPECIALIZADA PARA EXECUCAO DAS OBRAS DE AMPLIACAO DO SISTEMA DE ABASTECIMENTO DE AGUA DA SEDE DO MUNICIPIO DE JERONIMO MONTEIRO, CONFORME CONVENIO Nº 1042/13 DA FUNDACAO NACIONAL DE SAUDE - FUNASA, CONFORME ESPECIFICACOES CONTIDAS NO EDITAL DE CONCORRENCIA PUBLICA Nº 001/16. PROC. Nº 1749/2019. REF. NFSE 00544.5º ADITIVO AO CONTRATO Nº 42/2017.(PROC. 1749/2019 DE ALTERACAO DE FONTE DE RECURSO.);Vibra Construcoes Comercio e Servicos LTDA;07.375.085/0001-31;R$ 97.215,44
07/11/2019;0000302/2018;0005485/2019;"CONTRATACAO DE EMPRESA ESPECIALIZADA PARA EXECUCAO DE SERVICOS DE DRENAGEM E PAVIMENTACAO DE VIAS URBANAS LOCALIZADAS NO CONJUNTO HABITACIONAL ""JOSE MARQUES"", NO MUNICIPIO DE JERONIMO MONTEIRO. CONFORME CONTRATO DE REPASSE Nº 849417/2017 CELEBRADO ENTRE A UNIAO FEDERAL, POR INTERMEDIO DO MINISTERIO DAS CIDADES. PROC. 302/2018. CONFORME CONTRATO Nº 170/2018. REF. PARTE DA NFSE Nº 82.";Construtora Sao Miguel LTDA - ME;13.134.819/0001-93;R$ 28.931,45
24/09/2019;0003791/2018;0004560/2019;"CONTRATACAO DE EMPRESA ESPECIALIZADA PARA EXECUCAO DAS OBRAS DE REVITALIZACAO DO PARQUE DE EXPOSICOES ""LOURIVAL LOUGON MOULIN"", CONFORME CONVENIO Nº 33/2018FIRMADO COM O GOVERNO DO ESTADO DO ESPIRITO SANTO, ATRAVES DA SECRETARIA DE ESTADO DE SANEAMENTO, HABITACAO E DESENVOLVIMENTO URBANO. 3º ADITIVO AO CONTRATO 287/2018. PROC. 3088/2019. REF. NFSE Nº 5.";Forteluz contrucoes e servicos;03.520.522/0001-02;R$ 13.103,82
19/09/2019;0005352/2018;0004420/2019;CONTRATACAO DE EMPRESA ESPECIALIZADA PARA EXECUCAO DE OBRA DE AMPLIACAO DA CRECHE MUNICIPAL QUE ESTA EM CONSTRUCAO, PERTENCENTE A ESTA MUNICIPALIDADE. TP Nº 002/2019,  CONFORME  CONTRATO Nº 96/2019. PROC. 2195/2019 . REF. NFSE Nº 14.;Nazca Engenharia Ltda ME;10.591.518/0001-09;R$ 73.804,84
19/09/2019;0003181/2019;0004423/2019;PAVIMENTACAO DAS RUAS JOSE CALAZANS, LOCALIZADA NO BAIRRO VILA CRUZEIRO E RUA NILO DE MELLO, LOCALIZADA NO BAIRRO PARADA CRISTAL - BAIXINHA, SITUADAS NO PERIMETRO URBANO DE JERONIMO MONTEIRO. PROC. 3181/2019. REF. NFSE Nº 18.;HIPER CONSTRUTORA LTDA - ME;17.078.216/0001-72;R$ 19.631,42
09/09/2019;0003181/2019;0004227/2019;PAVIMENTACAO DAS RUAS JOSE CALAZANS, LOCALIZADA NO BAIRRO VILA CRUZEIRO E RUA NILO DE MELLO, LOCALIZADA NO BAIRRO PARADA CRISTAL - BAIXINHA, SITUADAS NO PERIMETRO URBANO DE JERONIMO MONTEIRO. PROC. 3181/2019. REF. NFSE Nº 17.;HIPER CONSTRUTORA LTDA - ME;17.078.216/0001-72;R$ 10.345,98
05/09/2019;0000486/2018;0004226/2019;CONTRATACAO DE EMPRESA PARA EXECUTAR OBRAS DE ADEQUACAO DE PREDIO DA ESTACAO FERROVIARIA, LOCALIZADA NA SEDE DO MUNICIPIO DE JERONIMO MONTEIRO/ES, PARA INSTALACAO DE MUSEU, BIBLIOTECA MUNICIPAL E ARQUIVO MUNICIPAL, CONFORME CONTRATO DE REPASSE OGU Nº 832172/2016/MTUR/CAIXA, CELEBRADO COM A UNIAO FEDERAL, POR INTERMEDIO DO MINISTERIO DO TURISMO. TOMADA DE PRECOS Nº 004/2018. CONFORME CONTRATO Nº 193/2018. PROC N° 2928/2019. REF NFSE N° 451.;TREZE MATERIAL DE CONST. E INCORPORACAO LTDA - ME;01.070.171/0001-50;R$ 92.904,40
04/09/2019;0002586/2016;0004154/2019;DESPESA COM CONTRATACAO DE EMPRESA ESPECIALIZADA PARA EXECUCAO DAS OBRAS DE AMPLIACAO DO SISTEMA DE ABASTECIMENTO DE AGUA DA SEDE DO MUNICIPIO DE JERONIMO MONTEIRO, CONFORME CONVENIO Nº 1042/13 DA FUNDACAO NACIONAL DE SAUDE - FUNASA, CONFORME ESPECIFICACOES CONTIDAS NO EDITAL DE CONCORRENCIA PUBLICA Nº 001/16. PROC. Nº 1708/2019. REF. NFSE Nº 00541.6º ADITIVO AO CONTRATO Nº 42/2017.;Vibra Construcoes Comercio e Servicos LTDA;07.375.085/0001-31;R$ 27.595,40
30/08/2019;0000486/2018;0004150/2019;CONTRATACAO DE EMPRESA PARA EXECUTAR OBRAS DE ADEQUACAO DE PREDIO DA ESTACAO FERROVIARIA, LOCALIZADA NA SEDE DO MUNICIPIO DE JERONIMO MONTEIRO/ES, PARA INSTALACAO DE MUSEU, BIBLIOTECA MUNICIPAL E ARQUIVO MUNICIPAL, CONFORME CONTRATO DE REPASSE OGU Nº 832172/2016/MTUR/CAIXA, CELEBRADO COM A UNIAO FEDERAL, POR INTERMEDIO DO MINISTERIO DO TURISMO. TOMADA DE PRECOS Nº 004/2018. CONFORME CONTRATO Nº 193/2018. PROC N°3580/2019.  REF  O REPASSE DA CONTRAPARTIDA PROPORCINAL A 3ª MEDICAO.;TREZE MATERIAL DE CONST. E INCORPORACAO LTDA - ME;01.070.171/0001-50;R$ 125,10
30/08/2019;0000486/2018;0003531/2019;ACERTO CONTABILIZACAO.;TREZE MATERIAL DE CONST. E INCORPORACAO LTDA - ME;01.070.171/0001-50;-R$ 125,10
30/08/2019;0000486/2018;0003781/2019;ANULACAO DE PARTE DO PAGAMENTO PRA ACERTO CONTABILIZACAO.;TREZE MATERIAL DE CONST. E INCORPORACAO LTDA - ME;01.070.171/0001-50;-R$ 125,10
15/08/2019;0000486/2018;0003781/2019;CONTRATACAO DE EMPRESA PARA EXECUTAR OBRAS DE ADEQUACAO DE PREDIO DA ESTACAO FERROVIARIA, LOCALIZADA NA SEDE DO MUNICIPIO DE JERONIMO MONTEIRO/ES, PARA INSTALACAO DE MUSEU, BIBLIOTECA MUNICIPAL E ARQUIVO MUNICIPAL, CONFORME CONTRATO DE REPASSE OGU Nº 832172/2016/MTUR/CAIXA, CELEBRADO COM A UNIAO FEDERAL, POR INTERMEDIO DO MINISTERIO DO TURISMO. TOMADA DE PRECOS Nº 004/2018. CONFORME CONTRATO Nº 193/2018. PROC N° 2928/2019. REF NFSE N° 451.;TREZE MATERIAL DE CONST. E INCORPORACAO LTDA - ME;01.070.171/0001-50;R$ 25.927,61
08/08/2019;0005352/2018;0003660/2019;CONTRATACAO DE EMPRESA ESPECIALIZADA PARA EXECUCAO DE OBRA DE AMPLIACAO DA CRECHE MUNICIPAL QUE ESTA EM CONSTRUCAO, PERTENCENTE A ESTA MUNICIPALIDADE. TP Nº 002/2019,  CONFORME  CONTRATO Nº 96/2019.2195/2019. REF NFSE N° 9.;Nazca Engenharia Ltda ME;10.591.518/0001-09;R$ 28.999,21
08/08/2019;0003791/2018;0003667/2019;"REVITALIZACAO DO PARQUE DE EXPOSICOES ""LOURIVAL LUGON MOULIN"", CONFORME CONVENIO Nº 80848842. PROC. 3791/2018, CONFORME CONTRATO Nº 287/2018. REF PARTE NFSE N° 3.";Forteluz contrucoes e servicos;03.520.522/0001-02;R$ 226.770,45
08/08/2019;0003791/2018;0003668/2019;"REVITALIZACAO DO PARQUE DE EXPOSICOES ""LOURIVAL LUGON MOULIN"", CONFORME CONVENIO Nº 80848842. PROC. 3791/2018, CONFORME CONTRATO Nº 287/2018REF PARTE NFSE N° 3.";Forteluz contrucoes e servicos;03.520.522/0001-02;R$ 48.725,07
07/08/2019;0003791/2018;0003638/2019;"CONTRATACAO DE EMPRESA ESPECIALIZADA PARA EXECUCAO DAS OBRAS DE REVITALIZACAO DO PARQUE DE EXPOSICOES ""LOURIVAL LOUGON MOULIN"", CONFORME CONVENIO Nº 33/2018FIRMADO COM O GOVERNO DO ESTADO DO ESPIRITO SANTO, ATRAVES DA SECRETARIA DE ESTADO DESANEAMENTO, HABITACAO E DESENVOLVIMENTO URBANO.3º ADITIVO AO CONTRATO 287/2018. PROC. 3088/2019. REF. NFSE Nº2.";Forteluz contrucoes e servicos;03.520.522/0001-02;R$ 57.025,34
07/08/2019;0003791/2018;0003386/2019;DEVOLUCAO PARA A CONTA 28.669.828 PARA ACERTO NA CONTABILIZACAO VISTO QUE A DESPESA FOI LIQUIDADA E PAGA ERRONEAMENTE.;Forteluz contrucoes e servicos;03.520.522/0001-02;-R$ 45.711,10
07/08/2019;0003791/2018;0003387/2019;DEVOLUCAO PARA A CONTA 28.669.828 PARA ACERTO NA CONTABILIZACAO VISTO QUE A DESPESA FOI LIQUIDADA E PAGA ERRONEAMENTE.;Forteluz contrucoes e servicos;03.520.522/0001-02;-R$ 11.314,24
02/08/2019;0000486/2018;0003531/2019;CONTRATACAO DE EMPRESA PARA EXECUTAR OBRAS DE ADEQUACAO DE PREDIO DA ESTACAO FERROVIARIA, LOCALIZADA NA SEDE DO MUNICIPIO DE JERONIMO MONTEIRO/ES, PARA INSTALACAO DE MUSEU, BIBLIOTECA MUNICIPAL E ARQUIVO MUNICIPAL, CONFORME CONTRATO DE REPASSE OGU Nº 832172/2016/MTUR/CAIXA, CELEBRADO COM A UNIAO FEDERAL, POR INTERMEDIO DO MINISTERIO DO TURISMO. TOMADA DE PRECOS Nº 004/2018. CONFORME CONTRATO Nº 193/2018. PROC N°3580/2019.  REF  O REPASSE DA CONTRAPARTIDA PROPORCINAL A 3ª MEDICAO.;TREZE MATERIAL DE CONST. E INCORPORACAO LTDA - ME;01.070.171/0001-50;R$ 125,10
25/07/2019;0003791/2018;0003386/2019;"REVITALIZACAO DO PARQUE DE EXPOSICOES ""LOURIVAL LUGON MOULIN"", CONFORME CONVENIO Nº 80848842. PROC. 3791/2018, CONFORME CONTRATO Nº 287/2018. REF. PARTE NFSE N° 2.";Forteluz contrucoes e servicos;03.520.522/0001-02;R$ 45.711,10
25/07/2019;0003791/2018;0003387/2019;"REVITALIZACAO DO PARQUE DE EXPOSICOES ""LOURIVAL LUGON MOULIN"", CONFORME CONVENIO Nº 80848842. PROC. 3791/2018, CONFORME CONTRATO Nº 287/2018. REF. PARTE NFSE N° 2.";Forteluz contrucoes e servicos;03.520.522/0001-02;R$ 11.314,24
11/07/2019;0003791/2018;0003111/2019;"REVITALIZACAO DO PARQUE DE EXPOSICOES ""LOURIVAL LUGON MOULIN"", CONFORME CONVENIO Nº 80848842. PROC. 3791/2018, CONFORME CONTRATO Nº 287/2018. PROC. Nº3053/2019. REF. NFSE Nº1.";Forteluz contrucoes e servicos;03.520.522/0001-02;R$ 187.083,04
05/07/2019;0003799/2018;0002989/2019;"CONTRATACAO DE EMPRESA PARA EXECUCAO DE OBRAS DE REFORMA DA ENTRADA PRINCIPAL, BANHEIROS, COZINHA E ILUMINACAO DO GINASIO ""JOSE RODRIGUES DA FONSECA, CONFORME CONVENIO Nº 012/2018 - CELEBRADO ENTRE ESTADO DO ESPIRITO SANTO, POR INTERMEDIO DA SESPORT E O MUNICIPIO DE JERONIMO MONTEIRO, CONFORME PUBLICACAO NO DIARIO OFICIAL DO ESTADO, NO DIA 05 DE JULHO DE 2018. CONFORME  CONTRATO Nº 270/2018. REF. PARTE NFSE Nº438.";TREZE MATERIAL DE CONST. E INCORPORACAO LTDA - ME;01.070.171/0001-50;R$ 68.772,63
05/07/2019;0003799/2018;0002990/2019;"CONTRATACAO DE EMPRESA PARA EXECUCAO DE OBRAS DE REFORMA DA ENTRADA PRINCIPAL, BANHEIROS, COZINHA E ILUMINACAO DO GINASIO ""JOSE RODRIGUES DA FONSECA, CONFORME CONVENIO Nº 012/2018 - CELEBRADO ENTRE ESTADO DO ESPIRITO SANTO, POR INTERMEDIO DA SESPORT E O MUNICIPIO DE JERONIMO MONTEIRO, CONFORME PUBLICACAO NO DIARIO OFICIAL DO ESTADO, NO DIA 05 DE JULHO DE 2018. CONFORME  CONTRATO Nº 270/2018. REF. PARTE NFSE Nº438.";TREZE MATERIAL DE CONST. E INCORPORACAO LTDA - ME;01.070.171/0001-50;R$ 33.320,44
17/06/2019;0003791/2018;0002689/2019;"REVITALIZACAO DO PARQUE DE EXPOSICOES ""LOURIVAL LUGON MOULIN"", CONFORME CONVENIO Nº 80848842. PROC. 3791/2018, CONFORME CONTRATO Nº 287/2018. REF. NFSE Nº2019/6. INSERCAO NO SISTEMA DAS INFORMACAOES E PAGAMENTO REALIZADO CONFORME DETERMINACAO DO PREFEITO MUNICIPAL.";Forteluz contrucoes e servicos;03.520.522/0001-02;R$ 138.193,74
16/05/2019;0003974/2018;0002162/2019;CONTRATACAO DE EMPRESA ESPECIALIZADA PARA PRESTACAO DE SERVICOS DE PAVIMENTACAO EM VIAS URBANAS DESTE MUNICIPIO. TP Nº 0013/2018. PROC. Nº 5931/2018, CONFORME CONTRATO Nº 315/2018. REF. NFSE Nº1.;L.M. Construtora Ltda EPP;09.108.306/0001-30;R$ 20.204,42
09/05/2019;0003907/2018;0001990/2019;"CONTRATACAO DE EMPRESA ESPECIALIZDA PARA CONTRATACAO DE REALIZACAO DE PEQUENAS OBRAS DE REFORMAS NO ""CMEI DIVA SAVIATTO DUARTE"", ""EMEF PAULO PEREIRA GOMES"", ""EMEF NICOLAU BORGES"" E ""EMEF ANDRE ALTOE"", PERTENCENTES A ESTE MUNICIPIO. TP Nº 016/2018, CONFORME CONTRATO Nº 01/2019. REF. NFSE Nº21.";E L A Costrutora Eireli ME;24.604.292/0001-30;R$ 3.247,57
29/04/2019;0003791/2018;0001874/2019;"REVITALIZACAO DO PARQUE DE EXPOSICOES ""LOURIVAL LUGON MOULIN"", CONFORME CONVENIO Nº 80848842. PROC. 3791/2018, CONFORME CONTRATO Nº 287/2018. REF. NFSE Nº201900000000004.";Forteluz contrucoes e servicos;03.520.522/0001-02;R$ 58.040,94
10/04/2019;0003904/2018;0001571/2019;CONTRATACAO DE EMPRESA PARA REALIZACAO DE REFORMA NA COBERTURA DA EMEF CORREGO DO MEIO, LOCALIZADA NA ZONA RURAL DESTE MUNICIPIO.  TP N° 017/20. PROC. Nº 5666/2018 CONFORME CONTRATO Nº 304/2018. REF. NFSE Nº401.;TREZE MATERIAL DE CONST. E INCORPORACAO LTDA - ME;01.070.171/0001-50;R$ 12.689,49
02/04/2019;0000486/2018;0001413/2019;CONTRATACAO DE EMPRESA PARA EXECUTAR OBRAS DE ADEQUACAO DE PREDIO DA ESTACAO FERROVIARIA, LOCALIZADA NA SEDE DO MUNICIPIO DE JERONIMO MONTEIRO/ES, PARA INSTALACAO DE MUSEU, BIBLIOTECA MUNICIPAL E ARQUIVO MUNICIPAL, CONFORME CONTRATO DE REPASSE OGU Nº 832172/2016/MTUR/CAIXA, CELEBRADO COM A UNIAO FEDERAL, POR INTERMEDIO DO MINISTERIO DO TURISMO. TOMADA DE PRECOS Nº 004/2018. CONFORME CONTRATO Nº 193/2018. REF. NFSE Nº394.;TREZE MATERIAL DE CONST. E INCORPORACAO LTDA - ME;01.070.171/0001-50;R$ 39.874,33
02/04/2019;0000486/2018;0001414/2019;CONTRATACAO DE EMPRESA PARA EXECUTAR OBRAS DE ADEQUACAO DE PREDIO DA ESTACAO FERROVIARIA, LOCALIZADA NA SEDE DO MUNICIPIO DE JERONIMO MONTEIRO/ES, PARA INSTALACAO DE MUSEU, BIBLIOTECA MUNICIPAL E ARQUIVO MUNICIPAL, CONFORME CONTRATO DE REPASSE OGU Nº 832172/2016/MTUR/CAIXA, CELEBRADO COM A UNIAO FEDERAL, POR INTERMEDIO DO MINISTERIO DO TURISMO. TOMADA DE PRECOS Nº 004/2018. CONFORME CONTRATO Nº 193/2018. REF. NFSE. Nº394.;TREZE MATERIAL DE CONST. E INCORPORACAO LTDA - ME;01.070.171/0001-50;R$ 42,06
25/03/2019;0003799/2018;0001187/2019;"CONTRATACAO DE EMPRESA PARA EXECUCAO DE OBRAS DE REFORMA DA ENTRADA PRINCIPAL, BANHEIROS, COZINHA E ILUMINACAO DO GINASIO ""JOSE RODRIGUES DA FONSECA, CONFORME CONVENIO Nº 012/2018 - CELEBRADO ENTRE ESTADO DO ESPIRITO SANTO, POR INTERMEDIO DA SESPORT E O MUNICIPIO DE JERONIMO MONTEIRO, CONFORME PUBLICACAO NO DIARIO OFICIAL DO ESTADO, NO DIA 05 DE JULHO DE 2018. CONFORME  CONTRATO Nº 270/2018. REF. NFSE Nº393.";TREZE MATERIAL DE CONST. E INCORPORACAO LTDA - ME;01.070.171/0001-50;R$ 15.037,35
20/03/2019;0002586/2016;0001171/2019;DESPESA COM CONTRATACAO DE EMPRESA ESPECIALIZADA PARA EXECUCAO DAS OBRAS DE AMPLIACAO DO SISTEMA DE ABASTECIMENTO DE AGUA DA SEDE DO MUNICIPIO DE JERONIMO MONTEIRO, CONFORME CONVENIO Nº 1042/13 DA FUNDACAO NACIONAL DE SAUDE - FUNASA, CONFORME ESPECIFICACOES CONTIDAS NO EDITAL DE CONCORRENCIA PUBLICA Nº 001/16. REF. NFSE Nº524.;Vibra Construcoes Comercio e Servicos LTDA;07.375.085/0001-31;R$ 56.574,78
08/03/2019;0003907/2018;0000943/2019;"CONTRATACAO DE EMPRESA ESPECIALIZDA PARA CONTRATACAO DE REALIZACAO DE PEQUENAS OBRAS DE REFORMAS NO ""CMEI DIVA SAVIATTO DUARTE"", ""EMEF PAULO PEREIRA GOMES"", ""EMEF NICOLAU BORGES"" E ""EMEF ANDRE ALTOE"", PERTENCENTES A ESTE MUNICIPIO. TP Nº 016/2018, CONFORME CONTRATO Nº 01/2019. REF. NFSE Nº11.";E L A Costrutora Eireli ME;24.604.292/0001-30;R$ 16.473,15
28/02/2019;0000302/2018;0000904/2019;"CONTRATACAO DE EMPRESA ESPECIALIZADA PARA EXECUCAO DE SERVICOS DE DRENAGEM E PAVIMENTACAO DE VIAS URBANAS LOCALIZADAS NO CONJUNTO HABITACIONAL ""JOSE MARQUES"", NO MUNICIPIO DE JERONIMO MONTEIRO. CONFORME CONTRATO DE REPASSE Nº 849417/2017 CELEBRADO ENTRE A UNIAO FEDERAL, POR INTERMEDIO DO MINISTERIO DAS CIDADES. PROC. 302/2018. CONFORME CONTRATO Nº 170/2018. REF. NFSE Nº82.";Construtora Sao Miguel LTDA - ME;13.134.819/0001-93;R$ 51.295,56
28/02/2019;0000302/2018;0000905/2019;"CONTRATACAO DE EMPRESA ESPECIALIZADA PARA EXECUCAO DE SERVICOS DE DRENAGEM E PAVIMENTACAO DE VIAS URBANAS LOCALIZADAS NO CONJUNTO HABITACIONAL ""JOSE MARQUES"", NO MUNICIPIO DE JERONIMO MONTEIRO. CONFORME CONTRATO DE REPASSE Nº 849417/2017 CELEBRADO ENTRE A UNIAO FEDERAL, POR INTERMEDIO DO MINISTERIO DAS CIDADES. (CONTRAPARTIDA). PROC. 302/2018. CONFORME CONTRATO Nº 170/2018. REF. PARTE NFSE Nº82.";Construtora Sao Miguel LTDA - ME;13.134.819/0001-93;R$ 341,28
28/02/2019;0000302/2018;0000189/2019;ANULACAO DE PAGAMENTO PARA ACERTO CONTABIL, TENDO EM VISTA QUE O RESPONSAVEL PELA REALIZACAO DA OBTV NA SECRETARIA MUNICIPAL DE PLANEJAMENTO, NOS INFORMOU QUE HOUVE UM PROBLEMA NA CEF NAO SENDO EFETIVADO O PAG NA DATA PASSADA ANTERIORMENTE, SENDO NECESSARIO A ANULCAO NESTA DATA PARA ACERTO CONTABIL. ESPESIFICACOES DO OCORRIDO  CONTIDAS NA PASTA DE PAGAMENTO DA EMPRESA.;Construtora Sao Miguel LTDA - ME;13.134.819/0001-93;-R$ 341,28
28/02/2019;0000302/2018;0000190/2019;ANULACAO DE PAGAMENTO PARA ACERTO CONTABIL, TENDO EM VISTA QUE O RESPONSAVEL PELA REALIZACAO DA OBTV NA SECRETARIA MUNICIPAL DE PLANEJAMENTO, NOS INFORMOU QUE HOUVE UM PROBLEMA NA CEF NAO SENDO EFETIVADO O PAG NA DATA PASSADA ANTERIORMENTE, SENDO NECESSARIO A ANULCAO NESTA DATA PARA ACERTO CONTABIL. ESPESIFICACOES DO OCORRIDO  CONTIDAS NA PASTA DE PAGAMENTO DA EMPRESA.;Construtora Sao Miguel LTDA - ME;13.134.819/0001-93;-R$ 51.295,56
18/02/2019;0003791/2018;0000690/2019;"REVITALIZACAO DO PARQUE DE EXPOSICOES ""LOURIVAL LUGON MOULIN"", CONFORME CONVENIO Nº 80848842. PROC. 3791/2018, CONFORME CONTRATO Nº 287/2018. REF. NFSE Nº201900000000003.";Forteluz contrucoes e servicos;03.520.522/0001-02;R$ 154.210,38
12/02/2019;0003907/2018;0000564/2019;"CONTRATACAO DE EMPRESA ESPECIALIZDA PARA CONTRATACAO DE REALIZACAO DE PEQUENAS OBRAS DE REFORMAS NO ""CMEI DIVA SAVIATTO DUARTE"", ""EMEF PAULO PEREIRA GOMES"", ""EMEF NICOLAU BORGES"" E ""EMEF ANDRE ALTOE"", PERTENCENTES A ESTE MUNICIPIO. TP Nº 016/2018, CONFORME CONTRATO Nº 01/2019. REF. NFSE Nº10.";E L A Costrutora Eireli ME;24.604.292/0001-30;R$ 17.937,95
30/01/2019;0000486/2018;0000519/2019;CONTRATACAO DE EMPRESA PARA EXECUTAR OBRAS DE ADEQUACAO DE PREDIO DA ESTACAO FERROVIARIA, LOCALIZADA NA SEDE DO MUNICIPIO DE JERONIMO MONTEIRO/ES, PARA INSTALACAO DE MUSEU, BIBLIOTECA MUNICIPAL E ARQUIVO MUNICIPAL, CONFORME CONTRATO DE REPASSE OGU Nº 832172/2016/MTUR/CAIXA, CELEBRADO COM A UNIAO FEDERAL, POR INTERMEDIO DO MINISTERIO DO TURISMO. TOMADA DE PRECOS Nº 004/2018. CONFORME CONTRATO Nº 193/2018. REF. NFSE Nº375.;TREZE MATERIAL DE CONST. E INCORPORACAO LTDA - ME;01.070.171/0001-50;R$ 68.579,37
30/01/2019;0000486/2018;0000531/2019;CONTRATACAO DE EMPRESA PARA EXECUTAR OBRAS DE ADEQUACAO DE PREDIO DA ESTACAO FERROVIARIA, LOCALIZADA NA SEDE DO MUNICIPIO DE JERONIMO MONTEIRO/ES, PARA INSTALACAO DE MUSEU, BIBLIOTECA MUNICIPAL E ARQUIVO MUNICIPAL, CONFORME CONTRATO DE REPASSE OGU Nº 832172/2016/MTUR/CAIXA, CELEBRADO COM A UNIAO FEDERAL, POR INTERMEDIO DO MINISTERIO DO TURISMO. TOMADA DE PRECOS Nº 004/2018. CONFORME CONTRATO Nº 193/2018. REF. NFSE Nº375.;TREZE MATERIAL DE CONST. E INCORPORACAO LTDA - ME;01.070.171/0001-50;R$ 72,32
17/01/2019;0000302/2018;0000189/2019;"CONTRATACAO DE EMPRESA ESPECIALIZADA PARA EXECUCAO DE SERVICOS DE DRENAGEM E PAVIMENTACAO DE VIAS URBANAS LOCALIZADAS NO CONJUNTO HABITACIONAL ""JOSE MARQUES"", NO MUNICIPIO DE JERONIMO MONTEIRO. CONFORME CONTRATO DE REPASSE Nº 849417/2017 CELEBRADO ENTRE A UNIAO FEDERAL, POR INTERMEDIO DO MINISTERIO DAS CIDADES. (CONTRAPARTIDA). PROC. 302/2018. CONFORME CONTRATO Nº 170/2018. REF. PARTE NFSE Nº82.";Construtora Sao Miguel LTDA - ME;13.134.819/0001-93;R$ 341,28
17/01/2019;0000302/2018;0000190/2019;"CONTRATACAO DE EMPRESA ESPECIALIZADA PARA EXECUCAO DE SERVICOS DE DRENAGEM E PAVIMENTACAO DE VIAS URBANAS LOCALIZADAS NO CONJUNTO HABITACIONAL ""JOSE MARQUES"", NO MUNICIPIO DE JERONIMO MONTEIRO. CONFORME CONTRATO DE REPASSE Nº 849417/2017 CELEBRADO ENTRE A UNIAO FEDERAL, POR INTERMEDIO DO MINISTERIO DAS CIDADES. PROC. 302/2018. CONFORME CONTRATO Nº 170/2018. REF. NFSE Nº82.";Construtora Sao Miguel LTDA - ME;13.134.819/0001-93;R$ 51.295,56
17/01/2019;0003791/2018;0000186/2019;"REVITALIZACAO DO PARQUE DE EXPOSICOES ""LOURIVAL LUGON MOULIN"", CONFORME CONVENIO Nº 80848842. PROC. 3791/2018, CONFORME CONTRATO Nº 287/2018. REF. NFSE Nº201900000000001.";Forteluz contrucoes e servicos;03.520.522/0001-02;R$ 91.828,02
07/01/2019;0002778/2016;0000007/2019;DESPESA COM CONSTRUCAO DE QUADRA POLIESPORTIVA NA LOCALIDADE DE ALIANCA, CONTRATO Nº 1014677-77/805066. PROC. 2778/2016. TP N º008/2016. CONTRATO Nº 075/2016. REF. PARTE NFSE Nº35.;Comercial Vargas LTDA - ME;14.987.967/0001-13;R$ 79.519,63
07/01/2019;0002778/2016;0000008/2019;DESPESA COM CONSTRUCAO DE QUADRA POLIESPORTIVA NA LOCALIDADE DE ALIANCA, CONTRATO Nº 1014677-77/805066. PROC. 2778/2016. TP N º008/2016. CONTRATO Nº 075/2016. REF. PARTE NFSE Nº35.;Comercial Vargas LTDA - ME;14.987.967/0001-13;R$ 989,35
07/01/2019;0002778/2016;0000009/2019;DESPESA COM CONSTRUCAO DE QUADRA POLIESPORTIVA NA LOCALIDADE DE ALIANCA, CONTRATO Nº 1014677-77/805066. PROC. 2778/2016. TP N º008/2016. CONTRATO Nº 075/2016. REF. PARTE NFSE Nº35.;Comercial Vargas LTDA - ME;14.987.967/0001-13;R$ 87,42
19/12/2018;0003799/2018;0006154/2018;"CONTRATACAO DE EMPRESA PARA EXECUCAO DE OBRAS DE REFORMA DA ENTRADA PRINCIPAL, BANHEIROS, COZINHA E ILUMINACAO DO GINASIO ""JOSE RODRIGUES DA FONSECA, CONFORME CONVENIO Nº 012/2018 - CELEBRADO ENTRE ESTADO DO ESPIRITO SANTO, POR INTERMEDIO DA SESPORT E O MUNICIPIO DE JERONIMO MONTEIRO, CONFORME PUBLICACAO NO DIARIO OFICIAL DO ESTADO, NO DIA 05 DE JULHO DE 2018. PROC. 4384/2018, CONFORME  CONTRATO Nº 270/2018. REF. NFSE Nº362.";TREZE MATERIAL DE CONST. E INCORPORACAO LTDA - ME;01.070.171/0001-50;R$ 120.709,51
14/12/2018;0003791/2018;0006010/2018;"REVITALIZACAO DO PARQUE DE EXPOSICOES ""LOURIVAL LUGON MOULIN"", CONFORME CONVENIO Nº 80848842. PROC. 3791/2018, CONFORME CONTRATO Nº 287/2018. REF. NFSE Nº201800000000002.";Forteluz contrucoes e servicos;03.520.522/0001-02;R$ 113.593,36
13/11/2018;0003128/2015;0005506/2018;DESPESA COM CONTRATACAO DE EMPRESA ESPECIALIZADA PARA EXECUCAO DE OBRAS DE CONSTRUCAO DA CRECHE PROINFANCIA TIPO 2, PROJETO PADRAO -FNDE, NA SEDE DO MUNICIPIO DE JERONIMO MONTEIRO/ES, EM ATENCAO AO TERMO DE COMPROMISSO PAC2 10094/2014 FNDE. TP 008/2015. ADITIVO DE VALOR REFERENTE CONTRATO Nº 103/2015. PROC. 3879/2017. REF. NFSE. Nº86.;Compasso Construtora Ltda - ME;00.849.644/0001-59;R$ 26.385,72
15/10/2018;0000300/2018;0004863/2018;A CONTABILIZACAO FOI FEITA ERRONEAMENTE .PARA ACERTO NA CONTABILIZACAO.;Trindade Pavimentacao e Terraplenagem Ltda - EPP;27.666.231/0001-95;-R$ 2.364,58
09/10/2018;0001930/2018;0004945/2018;CONTRATACAO DE EMPRESA ESPECIALIZADA PARA REALIZACAO DE SERVICOS DE PAVIMENTACAO DE AREA COBERTA DO BARRACAO DE OBRAS, EM CUMPRIMENTO AO TERMO DE AJUSTES DE CONDUTA (TAC) FIRMADO ENTRE A PREFEITURA MUNICIPAL DE JERONIMO MONTEIRO E O MINISTERIO PUBLICO DO TRABALHO. PROC. 3953/2018, CONFORME CONTRATO Nº 208/2018. REF. NFSE. Nº11.;HIPER CONSTRUTORA LTDA - ME;17.078.216/0001-72;R$ 895,09
09/10/2018;0001930/2018;0004946/2018;,DESPESA REFERENTE A COMPLEMENTACAO DE CALCAMENTO EM PARALELEPIPEDOS, DA AREA COBERTA DO BARRACAO DE OBRAS. 1º ADITIVO AO CONTRATO Nº 208/2018.  PROC. 4479/2018. REF. NFSE. Nº12.;HIPER CONSTRUTORA LTDA - ME;17.078.216/0001-72;R$ 9.756,57
05/10/2018;0000300/2018;0004863/2018;"CONTRATACAO DE EMPRESA ESPECIALIZADA PARA EXECUCAO DE SERVICOS DE PAVIMENTACAO E DRENAGEM DAS RUAS PROJETADAS ""C"" - ""E"", DAS CASAS POPULARES, NO MUNICIPIO DE JERONIMO MONTEIRO. CONFORME CONVENIO Nº 007/2017 FIRMADO COM A SERDUB.(CONTRAPARTIDA). PROC. 2915/2018. TP 002/2018, CONFORME CONTRATO Nº 177/2018. REF. PROC. Nº4658/2018.";Trindade Pavimentacao e Terraplenagem Ltda - EPP;27.666.231/0001-95;R$ 2.364,58
28/09/2018;0002778/2016;0004695/2018;CONSTRUCAO DE QUADRA POLIESPORTIVA NA LOCALIDADE DE ALIANCA, CONTRATO Nº 1014677-77/805066. PROC. 2778/2016. TP Nº008/2016. CONTRATO Nº075/2016. REF. VALOR DA PARTE DA NOTA Nº 26.;Comercial Vargas LTDA - ME;14.987.967/0001-13;R$ 2.432,19
28/09/2018;0002778/2016;0000180/2018;ANULACAO DE PARTE DO  PAGAMENTO TENDO EM VISTA QUE O INSS FOI PAGO JUNTO COM A NOTA   ERRONEAMENTE, A EMPRESA FOI INFORMADA E DEVOLVEU O DINHEIRO PARA A CONTA 8511-1 E POSTERIORMENTE O INSS DA MESMA FOI PAGA.;Comercial Vargas LTDA - ME;14.987.967/0001-13;-R$ 2.432,19
26/09/2018;0003128/2015;0004631/2018;DESPESA COM CONTRATACAO DE EMPRESA ESPECIALIZADA PARA EXECUCAO DE OBRAS DE CONSTRUCAO DA CRECHE PROINFANCIA TIPO 2, PROJETO PADRAO -FNDE, NA SEDE DO MUNICIPIO DE JERONIMO MONTEIRO/ES, EM ATENCAO AO TERMO DE COMPROMISSO PAC2 10094/2014 FNDE. TP 008/2015. ADITIVO DE VALOR REFERENTE CONTRATO Nº 103/2015. PROC. 3879/2017. REF. NFSE. Nº83.;Compasso Construtora Ltda - ME;00.849.644/0001-59;R$ 26.309,24
19/09/2018;0000300/2018;0004534/2018;"CONTRATACAO DE EMPRESA ESPECIALIZADA PARA EXECUCAO DE SERVICOS DE PAVIMENTACAO E DRENAGEM DAS RUAS PROJETADAS ""C"" - ""E"", DAS CASAS POPULARES, NO MUNICIPIO DE JERONIMO MONTEIRO. CONVENIO Nº 007/2017 FIRMADO COM A SERDUB. PROC. 2915/2018. TP 002/2018, CONFORME CONTRATO Nº 177/2018. REF. NFSE Nº6.";Trindade Pavimentacao e Terraplenagem Ltda - EPP;27.666.231/0001-95;R$ 70.324,93
13/09/2018;0001930/2018;0004414/2018;CONTRATACAO DE EMPRESA ESPECIALIZADA PARA REALIZACAO DE SERVICOS DE PAVIMENTACAO DE AREA COBERTA DO BARRACAO DE OBRAS, EM CUMPRIMENTO AO TERMO DE AJUSTES DE CONDUTA (TAC) FIRMADO ENTRE A PREFEITURA MUNICIPAL DE JERONIMO MONTEIRO E O MINISTERIO PUBLICO DO TRABALHO. PROC. 3953/2018, CONFORME CONTRATO Nº 208/2018. REF. NFSE Nº9.;HIPER CONSTRUTORA LTDA - ME;17.078.216/0001-72;R$ 10.976,00
10/09/2018;0002778/2016;0004312/2018;CONSTRUCAO DE QUADRA POLIESPORTIVA NA LOCALIDADE DE ALIANCA, CONTRATO Nº 1014677-77/805066. PROC. 2778/2016. TP Nº008/2016. CONTRATO Nº075/2016. REF. VALOR DA PARTE DA NOTA Nº 26.;Comercial Vargas LTDA - ME;14.987.967/0001-13;R$ 12.160,91
10/09/2018;0002778/2016;0004313/2018;DESPESA COM CONSTRUCAO DE QUADRA POLIESPORTIVA NA LOCALIDADE DE ALIANCA, CONTRATO Nº 1014677-77/805066. PROC. 2778/2016. TP N º008/2016. CONTRATO Nº 075/2016. REF NFS Nº 27.;Comercial Vargas LTDA - ME;14.987.967/0001-13;R$ 17.721,45
06/09/2018;0002586/2016;0004299/2018;DESPESA COM CONTRATACAO DE EMPRESA ESPECIALIZADA PARA EXECUCAO DAS OBRAS DE AMPLIACAO DO SISTEMA DE ABASTECIMENTO DE AGUA DA SEDE DO MUNICIPIO DE JERONIMO MONTEIRO, CONFORME CONVENIO Nº 1042/13 DA FUNDACAO NACIONAL DE SAUDE - FUNASA, CONFORME ESPECIFICACOES CONTIDAS NO EDITAL DE CONCORRENCIA PUBLICA Nº 001/16. REF. NFSE. Nº490.;Vibra Construcoes Comercio e Servicos LTDA;07.375.085/0001-31;R$ 84.524,35
29/08/2018;0001930/2018;0004147/2018;CONTRATACAO DE EMPRESA ESPECIALIZADA PARA REALIZACAO DE SERVICOS DE PAVIMENTACAO DE AREA COBERTA DO BARRACAO DE OBRAS, EM CUMPRIMENTO AO TERMO DE AJUSTES DE CONDUTA (TAC) FIRMADO ENTRE A PREFEITURA MUNICIPAL DE JERONIMO MONTEIRO E O MINISTERIO PUBLICO DO TRABALHO. PROC. 3953/2018, CONFORME CONTRATO Nº 208/2018. REF. NFSE. Nº8.;HIPER CONSTRUTORA LTDA - ME;17.078.216/0001-72;R$ 28.063,71
29/08/2018;0000300/2018;0004157/2018;"CONTRATACAO DE EMPRESA ESPECIALIZADA PARA EXECUCAO DE SERVICOS DE PAVIMENTACAO E DRENAGEM DAS RUAS PROJETADAS ""C"" - ""E"", DAS CASAS POPULARES, NO MUNICIPIO DE JERONIMO MONTEIRO. CONVENIO Nº 007/2017 FIRMADO COM A SERDUB. PROC. 2915/2018. REF. NFSE. Nº4.TP 002/2018, CONFORME CONTRATO Nº 177/2018.";Trindade Pavimentacao e Terraplenagem Ltda - EPP;27.666.231/0001-95;R$ 47.730,82
15/08/2018;0002586/2016;0003886/2018;DESPESA COM CONTRATACAO DE EMPRESA ESPECIALIZADA PARA EXECUCAO DAS OBRAS DE AMPLIACAO DO SISTEMA DE ABASTECIMENTO DE AGUA DA SEDE DO MUNICIPIO DE JERONIMO MONTEIRO, CONFORME CONVENIO Nº 1042/13 DA FUNDACAO NACIONAL DE SAUDE - FUNASA, CONFORME ESPECIFICACOES CONTIDAS NO EDITAL DE CONCORRENCIA PUBLICA Nº 001/16 E 1º TERMO ADITIVO AO CONTRATO Nº 42/2017. REF. NFSE. Nº485.;Vibra Construcoes Comercio e Servicos LTDA;07.375.085/0001-31;R$ 105.149,29
02/08/2018;0003128/2015;0003676/2018;DESPESA COM CONTRATACAO DE EMPRESA ESPECIALIZADA PARA EXECUCAO DE OBRAS DE CONSTRUCAO DA CRECHE PROINFANCIA TIPO 2, PROJETO PADRAO -FNDE, NA SEDE DO MUNICIPIO DE JERONIMO MONTEIRO/ES, EM ATENCAO AO TERMO DE COMPROMISSO PAC2 10094/2014 FNDE. TP 008/2015. ADITIVO DE VALOR REFERENTE CONTRATO Nº 103/2015. PROC. 3879/2017. REF. NFSE Nº79.;Compasso Construtora Ltda - ME;00.849.644/0001-59;R$ 30.380,70
02/08/2018;0003128/2015;0003634/2018;ANULACAO DE PAGAMENTO TENDO EM VISTA QUE O PAGEMENTO DA DESPESA FOI PAGO COM A CONTA ERRADA, FOI FEITA A DEVOLUCAO PARA A CONTA E ACORRETA CONTABILIZACAO.;Compasso Construtora Ltda - ME;00.849.644/0001-59;-R$ 30.380,70
31/07/2018;0003128/2015;0003634/2018;DESPESA COM CONTRATACAO DE EMPRESA ESPECIALIZADA PARA EXECUCAO DE OBRAS DE CONSTRUCAO DA CRECHE PROINFANCIA TIPO 2, PROJETO PADRAO -FNDE, NA SEDE DO MUNICIPIO DE JERONIMO MONTEIRO/ES, EM ATENCAO AO TERMO DE COMPROMISSO PAC2 10094/2014 FNDE. TP 008/2015. ADITIVO DE VALOR REFERENTE CONTRATO Nº 103/2015. PROC. 3879/2017. REF. NFSE Nº79.;Compasso Construtora Ltda - ME;00.849.644/0001-59;R$ 30.380,70
29/05/2018;0002778/2016;0002409/2018;DESPESA COM CONSTRUCAO DE QUADRA POLIESPORTIVA NA LOCALIDADE DE ALIANCA, CONTRATO Nº 1014677-77/805066. PROC. 2778/2016. TP N º008/2016. CONTRATO Nº 075/2016. REF. PARTE DA NFSE Nº 27.;Comercial Vargas LTDA - ME;14.987.967/0001-13;R$ 59,07
23/05/2018;0002586/2016;0002281/2018;DESPESA COM CONTRATACAO DE EMPRESA ESPECIALIZADA PARA EXECUCAO DAS OBRAS DE AMPLIACAO DO SISTEMA DE ABASTECIMENTO DE AGUA DA SEDE DO MUNICIPIO DE JERONIMO MONTEIRO, CONFORME CONVENIO Nº 1042/13 DA FUNDACAO NACIONAL DE SAUDE - FUNASA, CONFORME ESPECIFICACOES CONTIDAS NO EDITAL DE CONCORRENCIA PUBLICA Nº 001/16. REF AO PROC 2026/2018. NFS Nº 00469;Vibra Construcoes Comercio e Servicos LTDA;07.375.085/0001-31;R$ 33.962,83
15/05/2018;0002778/2016;0002054/2018;DESPESA COM CONSTRUCAO DE QUADRA POLIESPORTIVA NA LOCALIDADE DE ALIANCA, CONTRATO Nº 1014677-77/805066. PROC. 2778/2016. TP N º008/2016. CONTRATO Nº 075/2016. REF NFS Nº 27;Comercial Vargas LTDA - ME;14.987.967/0001-13;R$ 36.678,46
30/04/2018;0002586/2016;0001876/2018;DESPESA COM CONTRATACAO DE EMPRESA ESPECIALIZADA PARA EXECUCAO DAS OBRAS DE AMPLIACAO DO SISTEMA DE ABASTECIMENTO DE AGUA DA SEDE DO MUNICIPIO DE JERONIMO MONTEIRO, CONFORME CONVENIO Nº 1042/13 DA FUNDACAO NACIONAL DE SAUDE - FUNASA, CONFORME ESPECIFICACOES CONTIDAS NO EDITAL DE CONCORRENCIA PUBLICA Nº 001/16. REF AO PROC 2026/2018. NFS Nº 00469;Vibra Construcoes Comercio e Servicos LTDA;07.375.085/0001-31;R$ 130.000,00
24/04/2018;0001209/2015;0001701/2018;CONTRATACAO DE EMPRESA ESPECIALIZADA PARA CONSTRUCAO DE QUADRA POLIESPORTIVA NA LOCALIDADE DE RANCHARIA, NA ZONA RURAL DO MUNICIPIO DE JERONIMO MONTEIRO, CONFORME CONTRATO DE REPASSE N° 2597.1013515-42/2013 DA CAIXA ECONOMICA FEDERAL. PROC.5495/2017,  REFERENTE CONTRAPARTIDA DA 5ª MEDICAO (MEDICAO FINAL). REF PARTE DA NFS Nº270.;TREZE MATERIAL DE CONST. E INCORPORACAO LTDA - ME;01.070.171/0001-50;R$ 2.091,16
24/04/2018;0001209/2015;0001702/2018;CONTRATACAO DE EMPRESA ESPECIALIZADA PARA CONSTRUCAO DE QUADRA POLIESPORTIVA NA LOCALIDADE DE RANCHARIA, NA ZONA RURAL DO MUNICIPIO DE JERONIMO MONTEIRO, CONFORME CONTRATO DE REPASSE N° 2597.1013515-42/2013 DA CAIXA ECONOMICA FEDERAL. PROC.5495/2017, REFERENTE A 5ª MEDICAO (MEDICAO FINAL). REF PARTE DA NFS Nº 270.;TREZE MATERIAL DE CONST. E INCORPORACAO LTDA - ME;01.070.171/0001-50;R$ 73.513,90
12/04/2018;0000703/2018;0001544/2018;DESPESA COM CONTRATACAO DE EMPRESA ESPECIALIZADA PARA EXECUCAO DOS SERVICOS DE REPAROS DE PAVIMENTACAO EM DIVERSAS RUAS DESTE MUNICIPIO, CONFORME DECRETO Nº 5.646/2018. PROC. 703/2018.CONTRATO Nº 96/2018. REF NFS Nº 5.;HIPER CONSTRUTORA LTDA - ME;17.078.216/0001-72;R$ 32.835,28
28/03/2018;0002586/2016;0001356/2018;DESPESA COM CONTRATACAO DE EMPRESA ESPECIALIZADA PARA EXECUCAO DAS OBRAS DE AMPLIACAO DO SISTEMA DE ABASTECIMENTO DE AGUA DA SEDE DO MUNICIPIO DE JERONIMO MONTEIRO, CONFORME CONVENIO Nº 1042/13 DA FUNDACAO NACIONAL DE SAUDE - FUNASA, CONFORME ESPECIFICACOES CONTIDAS NO EDITAL DE CONCORRENCIA PUBLICA Nº 001/16. REF NF Nº 466.;Vibra Construcoes Comercio e Servicos LTDA;07.375.085/0001-31;R$ 343.122,25
28/03/2018;0002586/2016;0001357/2018;DESPESA COM CONTRATACAO DE EMPRESA ESPECIALIZADA PARA EXECUCAO DAS OBRAS DE AMPLIACAO DO SISTEMA DE ABASTECIMENTO DE AGUA DA SEDE DO MUNICIPIO DE JERONIMO MONTEIRO, CONFORME CONVENIO Nº 1042/13 DA FUNDACAO NACIONAL DE SAUDE - FUNASA, CONFORME ESPECIFICACOES CONTIDAS NO EDITAL DE CONCORRENCIA PUBLICA Nº 001/16 E 1º TERMO ADITIVO AO CONTRATO Nº 42/2017. REF. NF Nº 465.;Vibra Construcoes Comercio e Servicos LTDA;07.375.085/0001-31;R$ 101.817,18
28/03/2018;0002586/2016;0001358/2018;DESPESA COM CONTRATACAO DE EMPRESA ESPECIALIZADA PARA EXECUCAO DAS OBRAS DE AMPLIACAO DO SISTEMA DE ABASTECIMENTO DE AGUA DA SEDE DO MUNICIPIO DE JERONIMO MONTEIRO, CONFORME CONVENIO Nº 1042/13 DA FUNDACAO NACIONAL DE SAUDE - FUNASA, CONFORME ESPECIFICACOES CONTIDAS NO EDITAL DE CONCORRENCIA PUBLICA Nº 001/16. NOTA N° 445;Vibra Construcoes Comercio e Servicos LTDA;07.375.085/0001-31;R$ 23.248,56
28/03/2018;0003128/2015;0001366/2018;DESPESA COM CONTRATACAO DE EMPRESA ESPECIALIZADA PARA EXECUCAO DE OBRAS DE CONSTRUCAO DA CRECHE PROINFANCIA TIPO 2, PROJETO PADRAO -FNDE, NA SEDE DO MUNICIPIO DE JERONIMO MONTEIRO/ES, EM ATENCAO AO TERMO DE COMPROMISSO PAC2 10094/2014 FNDE. TP 008/2015. CONTRATO 103/2015.REF. NFS Nº 72.;Compasso Construtora Ltda - ME;00.849.644/0001-59;R$ 19.686,91
27/03/2018;0000703/2018;0001266/2018;DESPESA COM CONTRATACAO DE EMPRESA ESPECIALIZADA PARA EXECUCAO DOS SERVICOS DE REPAROS DE PAVIMENTACAO EM DIVERSAS RUAS DESTE MUNICIPIO, CONFORME DECRETO Nº 5.646/2018. PROC. 703/2018.CONTRATO Nº 96/2018. REF NFS Nº 4;HIPER CONSTRUTORA LTDA - ME;17.078.216/0001-72;R$ 34.567,49
06/03/2018;0005123/2017;0000988/2018;DESPESA COM CONTRATACAO DE EMPRESA PARA REFORMA ONDE FUNCIONA A CRECHE SONHO DE VIVER. PROC. 5123/2017, CONFORME CONTRATO Nº 019/2018. REF. NFSE Nº 269.;TREZE MATERIAL DE CONST. E INCORPORACAO LTDA - ME;01.070.171/0001-50;R$ 46.664,74
16/02/2018;0005123/2017;0000602/2018;DESPESA COM CONTRATACAO DE EMPRESA PARA REFORMA ONDE FUNCIONA A CRECHE SONHO DE VIVER. PROC. 5123/2017, CONFORME CONTRATO Nº 019/2018. REF. NFSE Nº 267.;TREZE MATERIAL DE CONST. E INCORPORACAO LTDA - ME;01.070.171/0001-50;R$ 75.241,01
25/01/2018;0001114/2016;0000300/2018;CONSTRUCAO DE QUADRA POLIESPORTIVA COBERTA NO BAIRRO SANTO ANTONIO, CONTRATO DE REPASSE Nº 805058/2014. PROC. 1114/2016. CONTRATO Nº080/2016. TP Nº00010/2016. REF. PARTE DA NFSE Nº 31.;CONSTRUTORA RENASCER LTDA ME;10.916.057/0001-99;R$ 38.873,72
25/01/2018;0001114/2016;0000301/2018;CONSTRUCAO DE QUADRA POLIESPORTIVA COBERTA NO BAIRRO SANTO ANTONIO, CONTRATO DE REPASSE Nº 805058/2014. PROC. 1114/2016. CONTRATO Nº080/2016. TP Nº00010/2016. REF. PARTE DA NFSE Nº 31.;CONSTRUTORA RENASCER LTDA ME;10.916.057/0001-99;R$ 39,71
17/01/2018;0002778/2016;0000179/2018;CONSTRUCAO DE QUADRA POLIESPORTIVA NA LOCALIDADE DE ALIANCA, CONTRATO Nº 1014677-77/805066. PROC. 2778/2016. TP Nº008/2016. CONTRATO Nº075/2016. REF. VALOR DA PARTE DA NOTA Nº 26.;Comercial Vargas LTDA - ME;14.987.967/0001-13;R$ 48,64
17/01/2018;0002778/2016;0000180/2018;CONSTRUCAO DE QUADRA POLIESPORTIVA NA LOCALIDADE DE ALIANCA, CONTRATO Nº 1014677-77/805066. PROC. 2778/2016. TP Nº008/2016. CONTRATO Nº075/2016. REF. VALOR DA PARTE DA NOTA Nº 26.;Comercial Vargas LTDA - ME;14.987.967/0001-13;R$ 32.634,26
02/01/2018;0001209/2015;0000002/2018;CONTRATACAO DE EMPRESA ESPECIALIZADA PARA CONSTRUCAO DE QUADRA POLIESPORTIVA NA LOCALIDADE DE RANCHARIA, CONTRATO DE REPASSE Nº 1013515-42 PROC. 2440/2016. REF NF Nº 249.;TREZE MATERIAL DE CONST. E INCORPORACAO LTDA - ME;01.070.171/0001-50;R$ 34.619,57
26/12/2017;0003128/2015;0005345/2017;CONTRATACAO DE EMPRESA ESPECIALIZADA PARA EXECUCAO DE OBRAS DE CONSTRUCAO DA CRECHE PROINFANCIA TIPO 2, PROJETO PADRAO -FNDE, NA SEDE DO MUNICIPIO DE JERONIMO MONTEIRO/ES, EM ATENCAO AO TERMO DE COMPROMISSO PAC2 10094/2014 FNDE. REF. NOTA Nº 68.;Compasso Construtora Ltda - ME;00.849.644/0001-59;R$ 26.966,65
05/12/2017;0004515/2017;0004878/2017;DESPESA COM AQUISICAO DE GRAMA SANTO AGOSTINHO E SEPARADORES DE CANTEIRO, PARA SEREM UTILIZADOS PARA RECOMPOSICAO PAISAGISTICA DOS CANTEIROS CENTRAIS E DA PRACA EM FRENTE A AGENCIA DO BANESTES, NO CENTRO DA CIDADE. PROC. 4515/2017. REF. NFE Nº 000.000.802.;Vargem Alta Mudas Ltda-ME;12.250.333/0001-58;R$ 1.600,00
30/11/2017;0001209/2015;0004841/2017;CONTRATACAO DE EMPRESA ESPECIALIZADA PARA CONSTRUCAO DE QUADRA POLIESPORTIVA NA LOCALIDADE DE RANCHARIA, CONTRATO DE REPASSE Nº 1013515-42 PROC. 2440/2016. REF NF DE SER Nº 249. PROC. 3494/2017.;TREZE MATERIAL DE CONST. E INCORPORACAO LTDA - ME;01.070.171/0001-50;R$ 2.567,29
30/11/2017;0001209/2015;0004842/2017;CONTRATACAO DE EMPRESA ESPECIALIZADA PARA CONSTRUCAO DE QUADRA POLIESPORTIVA NA LOCALIDADE DE RANCHARIA, CONTRATO DE REPASSE Nº 1013515-42 PROC. 2440/2016. REF NF Nº 249. PROC. 3494/2017.;TREZE MATERIAL DE CONST. E INCORPORACAO LTDA - ME;01.070.171/0001-50;R$ 15.787,08
20/11/2017;0003128/2015;0004619/2017;CONTRATACAO DE EMPRESA ESPECIALIZADA PARA EXECUCAO DE OBRAS DE CONSTRUCAO DA CRECHE PROINFANCIA TIPO 2, PROJETO PADRAO -FNDE, NA SEDE DO MUNICIPIO DE JERONIMO MONTEIRO/ES, EM ATENCAO AO TERMO DE COMPROMISSO PAC2 10094/2014 FNDE. REF NF DE SERV N° 67.;Compasso Construtora Ltda - ME;00.849.644/0001-59;R$ 25.229,79
09/11/2017;0001209/2015;0004429/2017;ANULACAO DE PAGAMENTO TENDO EM VISTA QUE FOI CONTABILIZADO ERRONEAMENTE.;TREZE MATERIAL DE CONST. E INCORPORACAO LTDA - ME;01.070.171/0001-50;-R$ 2.567,29
01/11/2017;0001209/2015;0004429/2017;CONTRATACAO DE EMPRESA ESPECIALIZADA PARA CONSTRUCAO DE QUADRA POLIESPORTIVA NA LOCALIDADE DE RANCHARIA, CONTRATO DE REPASSE Nº 1013515-42 PROC. 2440/2016. CONTRAPARTIDA REFERENTE A QUINTA MEDICAO DA QUADRA POLIESPORTIVA DE RANCHARIA. PROC. N° 5104;TREZE MATERIAL DE CONST. E INCORPORACAO LTDA - ME;01.070.171/0001-50;R$ 2.567,29
18/10/2017;0003128/2015;0004145/2017;CONTRATACAO DE EMPRESA ESPECIALIZADA PARA EXECUCAO DE OBRAS DE CONSTRUCAO DA CRECHE PROINFANCIA TIPO 2, PROJETO PADRAO -FNDE, NA SEDE DO MUNICIPIO DE JERONIMO MONTEIRO/ES, EM ATENCAO AO TERMO DE COMPROMISSO PAC2 10094/2014 FNDE. NOTA N° 65;Compasso Construtora Ltda - ME;00.849.644/0001-59;R$ 39.842,20
17/10/2017;0002586/2016;0004119/2017;DESPESA COM CONTRATACAO DE EMPRESA ESPECIALIZADA PARA EXECUCAO DAS OBRAS DE AMPLIACAO DO SISTEMA DE ABASTECIMENTO DE AGUA DA SEDE DO MUNICIPIO DE JERONIMO MONTEIRO, CONFORME CONVENIO Nº 1042/13 DA FUNDACAO NACIONAL DE SAUDE - FUNASA, CONFORME ESPECIFICACOES CONTIDAS NO EDITAL DE CONCORRENCIA PUBLICA Nº 001/16. NOTA N° 445;Vibra Construcoes Comercio e Servicos LTDA;07.375.085/0001-31;R$ 195.000,00
21/09/2017;0002711/2017;0003722/2017;DESPESA COM CONTRATACAO DE EMPRESA ESPECIALIZADA PARA EXECUCAO DE OBRA DE PAVIMENTACAO NO BARRACAO E DAS RUAS: JOAQUIM GONCALVES ALVES - BAIRRO CCPL, PROJETADA - BAIRRO PEDREGAL E PROJETADA - BAIRRO VILA CRUZEIRO, NO MUNICIPIO DE JERONIMO MONTEIRO. CONVITE N° 5/2017. PROCESSO 2711/2017. CONTRATO N° 182/2017 NOTA N° 03;HIPER CONSTRUTORA LTDA - ME;17.078.216/0001-72;R$ 76.824,00
29/08/2017;0002586/2016;0003299/2017;DESPESA COM CONTRATACAO DE EMPRESA ESPECIALIZADA PARA EXECUCAO DAS OBRAS DE AMPLIACAO DO SISTEMA DE ABASTECIMENTO DE AGUA DA SEDE DO MUNICIPIO DE JERONIMO MONTEIRO, CONFORME CONVENIO Nº 1042/13 DA FUNDACAO NACIONAL DE SAUDE - FUNASA, CONFORME ESPECIFICACOES CONTIDAS NO EDITAL DE CONCORRENCIA PUBLICA Nº 001/16. MEDICAO N° 03. PERIODO 01/06/2017 A 30/06/2017;Vibra Construcoes Comercio e Servicos LTDA;07.375.085/0001-31;R$ 185.210,12
28/08/2017;0002586/2016;0003291/2017;DESPESA COM CONTRATACAO DE EMPRESA ESPECIALIZADA PARA EXECUCAO DAS OBRAS DE AMPLIACAO DO SISTEMA DE ABASTECIMENTO DE AGUA DA SEDE DO MUNICIPIO DE JERONIMO MONTEIRO, CONFORME CONVENIO Nº 1042/13 DA FUNDACAO NACIONAL DE SAUDE - FUNASA, CONFORME ESPECIFICACOES CONTIDAS NO EDITAL DE CONCORRENCIA PUBLICA Nº 001/16. MEDICAO N° 04. PERIODO 01/07/2017 A 31/07/2017 NOTA N° 440;Vibra Construcoes Comercio e Servicos LTDA;07.375.085/0001-31;R$ 184.162,60
28/08/2017;0002586/2016;0003295/2017;DESPESA COM CONTRATACAO DE EMPRESA ESPECIALIZADA PARA EXECUCAO DAS OBRAS DE AMPLIACAO DO SISTEMA DE ABASTECIMENTO DE AGUA DA SEDE DO MUNICIPIO DE JERONIMO MONTEIRO, CONFORME CONVENIO Nº 1042/13 DA FUNDACAO NACIONAL DE SAUDE - FUNASA, CONFORME ESPECIFICACOES CONTIDAS NO EDITAL DE CONCORRENCIA PUBLICA Nº 001/16. REF A 2ª MEDICAO, NFS 424 DE 30/05/2017.;Vibra Construcoes Comercio e Servicos LTDA;07.375.085/0001-31;R$ 32.664,26
25/08/2017;0002711/2017;0003267/2017;DESPESA COM CONTRATACAO DE EMPRESA ESPECIALIZADA PARA EXECUCAO DE OBRA DE PAVIMENTACAO NO BARRACAO E DAS RUAS: JOAQUIM GONCALVES ALVES - BAIRRO CCPL, PROJETADA - BAIRRO PEDREGAL E PROJETADA - BAIRRO VILA CRUZEIRO, NO MUNICIPIO DE JERONIMO MONTEIRO. CONVITE N° 5/2017. PROCESSO 2711/2017. CONTRATO N° 182/2017. NOTA N° 2;HIPER CONSTRUTORA LTDA - ME;17.078.216/0001-72;R$ 63.902,03
25/08/2017;0003128/2015;0003273/2017;CONTRATACAO DE EMPRESA ESPECIALIZADA PARA EXECUCAO DE OBRAS DE CONSTRUCAO DA CRECHE PROINFANCIA TIPO 2, PROJETO PADRAO -FNDE, NA SEDE DO MUNICIPIO DE JERONIMO MONTEIRO/ES, EM ATENCAO AO TERMO DE COMPROMISSO PAC2 10094/2014 FNDE. 14ª MEDICAO PROC. 3795 24/08/2017;Compasso Construtora Ltda - ME;00.849.644/0001-59;R$ 30.549,91
28/07/2017;0003128/2015;0002770/2017;CONTRATACAO DE EMPRESA ESPECIALIZADA PARA EXECUCAO DE OBRAS DE CONSTRUCAO DA CRECHE PROINFANCIA TIPO 2, PROJETO PADRAO -FNDE, NA SEDE DO MUNICIPIO DE JERONIMO MONTEIRO/ES, EM ATENCAO AO TERMO DE COMPROMISSO PAC2 10094/2014 FNDE. REFERENTE A 13ª MEDICAO. NFS 59 DE 11/07/2017.;Compasso Construtora Ltda - ME;00.849.644/0001-59;R$ 12.986,07
13/06/2017;0003128/2015;0002099/2017;CONTRATACAO DE EMPRESA ESPECIALIZADA PARA EXECUCAO DE OBRAS DE CONSTRUCAO DA CRECHE PROINFANCIA TIPO 2, PROJETO PADRAO -FNDE, NA SEDE DO MUNICIPIO DE JERONIMO MONTEIRO/ES, EM ATENCAO AO TERMO DE COMPROMISSO PAC2 10094/2014 FNDE. NFS 57 DE 02/06/2017. REFERENTE A 12ª MEDICAO. PROC. Nº 2413/2017.;Compasso Construtora Ltda - ME;00.849.644/0001-59;R$ 15.484,78
30/05/2017;0002586/2016;0001912/2017;DESPESA COM CONTRATACAO DE EMPRESA ESPECIALIZADA PARA EXECUCAO DAS OBRAS DE AMPLIACAO DO SISTEMA DE ABASTECIMENTO DE AGUA DA SEDE DO MUNICIPIO DE JERONIMO MONTEIRO, CONFORME CONVENIO Nº 1042/13 DA FUNDACAO NACIONAL DE SAUDE - FUNASA, CONFORME ESPECIFICACOES CONTIDAS NO EDITAL DE CONCORRENCIA PUBLICA Nº 001/16. REF A 2ª MEDICAO, NFS 424 DE 30/05/2017.;Vibra Construcoes Comercio e Servicos LTDA;07.375.085/0001-31;R$ 255.817,82
30/05/2017;0002586/2016;0001913/2017;DESPESA COM CONTRATACAO DE EMPRESA ESPECIALIZADA PARA EXECUCAO DAS OBRAS DE AMPLIACAO DO SISTEMA DE ABASTECIMENTO DE AGUA DA SEDE DO MUNICIPIO DE JERONIMO MONTEIRO, CONFORME CONVENIO Nº 1042/13 DA FUNDACAO NACIONAL DE SAUDE - FUNASA, CONFORME ESPECIFICACOES CONTIDAS NO EDITAL DE CONCORRENCIA PUBLICA Nº 001/16. REF A 2ª MEDICAO, NFS 424 DE 30/05/2017.;Vibra Construcoes Comercio e Servicos LTDA;07.375.085/0001-31;R$ 20.182,18
18/05/2017;0001954/2016;0001644/2017;"CONTRATACAO DE EMPRESA ESPECIALIZADA PARA REFORMA NA EMEF ""ANDRE ALTOE"". PROC. 1954/2016. TP Nº006/2016 CONTRATO Nº071/2016. REFERENTE A 3ª E ULTIMA MEDICAO. NFS  27 DE 12/05/2017.";CONSTRUTORA RENASCER LTDA ME;10.916.057/0001-99;R$ 3.113,81
18/05/2017;0003128/2015;0001656/2017;CONTRATACAO DE EMPRESA ESPECIALIZADA PARA EXECUCAO DE OBRAS DE CONSTRUCAO DA CRECHE PROINFANCIA TIPO 2, PROJETO PADRAO -FNDE, NA SEDE DO MUNICIPIO DE JERONIMO MONTEIRO/ES, EM ATENCAO AO TERMO DE COMPROMISSO PAC2 10094/2014 FNDE. REFERENTE A 11ª MEDICAO. NFS 55 DE 12/05/2017.;Compasso Construtora Ltda - ME;00.849.644/0001-59;R$ 45.037,34
12/05/2017;0002586/2016;0001605/2017;DESPESA COM CONTRATACAO DE EMPRESA ESPECIALIZADA PARA EXECUCAO DAS OBRAS DE AMPLIACAO DO SISTEMA DE ABASTECIMENTO DE AGUA DA SEDE DO MUNICIPIO DE JERONIMO MONTEIRO, CONFORME CONVENIO Nº 1042/13 DA FUNDACAO NACIONAL DE SAUDE - FUNASA, CONFORME ESPECIFICACOES CONTIDAS NO EDITAL DE CONCORRENCIA PUBLICA Nº 001/16. REF 1ª MEDICAO, NFS 420 DE 11/05/2017.;Vibra Construcoes Comercio e Servicos LTDA;07.375.085/0001-31;R$ 222.224,84
27/04/2017;0000043/2017;0001338/2017;DESPESA COM CONTRATACAO DE MAO DE OBRA ESPECIALIZADA PARA REFORMA DO CMEI SONHO DE VIVER NO MUNICIPIO DE JERONIMO MONTEIRO/ES CONFORME CONVITE Nº 002/17. NFS 207 DE 24/04/2017.;TREZE MATERIAL DE CONST. E INCORPORACAO LTDA - ME;01.070.171/0001-50;R$ 5.506,62
27/04/2017;0003274/2016;0001348/2017;DESPESA COM CONTRATACAO DE EMPRESA PARA CONSTRUCAO DE MURO DE CONTENCAO DO CEMITERIO E SANITARIOS. PROC. 794/2017. TP Nº009/2016 E 1º TERMO ADITIVO AO  CONTRATO Nº085/2016. NFS 25 DE 27/04/2017.;CONSTRUTORA RENASCER LTDA ME;10.916.057/0001-99;R$ 13.160,48
27/04/2017;0000030/2017;0001352/2017;DESPESA COM CONTRATACAO DE MAO DE OBRA ESPECIALIZADA PARA REFORMA DO CMEI DIVA SAVIATTO DUARTE NO MUNICIPIO DE JERONIMO MONTEIRO/ES CONFORME CONVITE Nº 001/17. NFS 206 DE 24/04/2017.;TREZE MATERIAL DE CONST. E INCORPORACAO LTDA - ME;01.070.171/0001-50;R$ 2.656,92
27/04/2017;0000030/2017;0001353/2017;DESPESA COM CONTRATACAO DE EMPRESA ESPECIALIZADA PARA REFORMA DO CEMEI-DIVA SAVIATO DUARTE . CONFORME CONVITE Nº 001/2017 E 1º TERMO DE ADITIVO AO CONTRATO Nº 18/2017. PROCESSO Nº 1052. NFS 206 DE 24/04/2017.;TREZE MATERIAL DE CONST. E INCORPORACAO LTDA - ME;01.070.171/0001-50;R$ 41.941,42
17/04/2017;0003274/2016;0001184/2017;CONTRATACAO DE EMPRESA PARA CONSTRUCAO DE MURO DE CONTENCAO DO CEMITERIO E SANITARIOS. PROC. 3274/2016. TP Nº009/2016. CONTRATO Nº085/2016. REFERENTE A NF Nº 24 DE 03/04/2017. PROC. 1400/17.;CONSTRUTORA RENASCER LTDA ME;10.916.057/0001-99;R$ 1.435,57
12/04/2017;0003128/2015;0001176/2017;CONTRATACAO DE EMPRESA ESPECIALIZADA PARA EXECUCAO DE OBRAS DE CONSTRUCAO DA CRECHE PROINFANCIA TIPO 2, PROJETO PADRAO -FNDE, NA SEDE DO MUNICIPIO DE JERONIMO MONTEIRO/ES, EM ATENCAO AO TERMO DE COMPROMISSO PAC2 10094/2014 FNDE. NFS Nº 51 DE 24/03/2017.;Compasso Construtora Ltda - ME;00.849.644/0001-59;R$ 49.249,41
06/04/2017;0003274/2016;0001081/2017;CONTRATACAO DE EMPRESA PARA CONSTRUCAO DE MURO DE CONTENCAO DO CEMITERIO E SANITARIOS. PROC. 3274/2016. TP Nº009/2016. CONTRATO Nº085/2016. REFERENTE A NF Nº 24 DE 03/04/2017. PROC. 1400/17.;CONSTRUTORA RENASCER LTDA ME;10.916.057/0001-99;R$ 32.362,53
06/04/2017;0003274/2016;0001085/2017;DESPESA COM CONTRATACAO DE EMPRESA PARA CONSTRUCAO DE MURO DE CONTENCAO DO CEMITERIO E SANITARIOS. PROC. 794/2017. TP Nº009/2016 E 1º TERMO ADITIVO AO  CONTRATO Nº085/2016. CONTRATO Nº085/2016. REFERENTE A NF Nº 24 DE 03/04/2017. PROC. 1400/17.;CONSTRUTORA RENASCER LTDA ME;10.916.057/0001-99;R$ 744,94
31/03/2017;0000338/2017;0001026/2017;DESPESA COM A PRESTACAO DE SERVICOS DE PAVIMENTACAO , REMOCAO E REASSENTAMENTO DE PARALELEPIPEDOS EM RUAS DO MUNICIPIO DE JERONIMO MONTEIRO. CONFORME CONTRATO Nº 071/2017. REF NF DE SERV Nº 1.;HIPER CONSTRUTORA LTDA - ME;17.078.216/0001-72;R$ 13.403,23
13/03/2017;0001209/2015;0000781/2017;CONTRATACAO DE EMPRESA ESPECIALIZADA PARA CONSTRUCAO DE QUADRA POLIESPORTIVA NA LOCALIDADE DE RANCHARIA, CONTRATO DE REPASSE Nº 1013515-42 PROC. 2440/2016. REFERENTE AO DEPOSITO DA CONTRAPARTIDA NA CONTA DO CONVENIO 1013515-42/799693, PROC. Nº 251/17.;TREZE MATERIAL DE CONST. E INCORPORACAO LTDA - ME;01.070.171/0001-50;R$ 3.745,46
13/03/2017;0001209/2015;0000782/2017;CONTRATACAO DE EMPRESA ESPECIALIZADA PARA CONSTRUCAO DE QUADRA POLIESPORTIVA NA LOCALIDADE DE RANCHARIA, CONTRATO DE REPASSE Nº 1013515-42 PROC. 2440/2016. REFERENTE A NF Nº 188 DE 15/02/2017. PROC. 251/17.;TREZE MATERIAL DE CONST. E INCORPORACAO LTDA - ME;01.070.171/0001-50;R$ 85.198,80
03/03/2017;0003274/2016;0000632/2017;CONTRATACAO DE EMPRESA PARA CONSTRUCAO DE MURO DE CONTENCAO DO CEMITERIO E SANITARIOS. PROC. 3274/2016. TP Nº009/2016. CONTRATO Nº085/2016. REFERENTE A NF Nº 23 DE 03/03/2017. PROC. 795/17.;CONSTRUTORA RENASCER LTDA ME;10.916.057/0001-99;R$ 25.020,51
24/02/2017;0001965/2016;0000540/2017;CONTRATACAO DE EMPRESA ESPECIALIZADA PARA REALIZACAO DE SERVICOS DE PAVIMENTACAO DA RUA DOMINGOS GIRI DE CASTRO E RUA PROJETADA, NO BAIRRO SANTO ANTONIO DESSE MUNICIPIO.ADITIVO DE VALOR REFERENTE AO CONTRATO DE PRESTACAO DE SERVICOS Nº 065/2016. PROC. 3724/2016. REFERENTE A NOTA FISCAL Nº 26 DE 25/01/2017. PROC. 4303/16.;Serrana Construtora e empreendimentos Ltda Me;21.686.473/0001-64;R$ 7.838,89
24/02/2017;0001965/2016;0000541/2017;CONTRATACAO DE EMPRESA ESPECIALIZADA PARA REALIZACAO DE SERVICOS DE PAVIMENTACAO DA RUA DOMINGOS GIRI DE CASTRO E RUA PROJETADA, NO BAIRRO SANTO ANTONIO DESSE MUNICIPIO. REFERENTE A NOTA FISCAL Nº 26 DE 25/01/2017.;Serrana Construtora e empreendimentos Ltda Me;21.686.473/0001-64;R$ 3.828,27
24/02/2017;0002391/2016;0000542/2017;CONTRATACAO DE EMPRESA ESPECIALIZADA PARA REALIZACAO DE SERVICOS DE DRENAGEM E PAVIMENTACAO DE RUAS PROJETADAS, NO BAIRRO SANTO ANTONIO DESSE MUNICIPIO. CONTRATO Nº067/2016. SEMDUR. REFERENTE A NF Nº 28 DE 25/01/2017. PROC. 4302/16.;Serrana Construtora e empreendimentos Ltda Me;21.686.473/0001-64;R$ 3.380,89
24/02/2017;0002391/2016;0000543/2017;CONTRATACAO DE EMPRESA ESPECIALIZADA PARA REALIZACAO DE SERVICOS DE DRENAGEM E PAVIMENTACAO DE RUAS PROJETADAS, NO BAIRRO SANTO ANTONIO DESSE MUNICIPIO. CONTRATO Nº067/2016. SEMDUR. REFERENTE A NF 28 DE 25/01/2017. PROC. 4302/17. ADITIVO DE VALOR REFERENTE AO CONTRATO DE PRESTACAO DE SERVICOS Nº 067/2016. PROC. 3723/2016.;Serrana Construtora e empreendimentos Ltda Me;21.686.473/0001-64;R$ 2.367,27
22/02/2017;0001965/2016;0000487/2017;DESPESA COM CONTRATACAO DE EMPRESA PARA REALIZACAO DE SERVICOS DE REFORMA NA E.M.E.F NICOLAU BORGES, BAIRRO PARADA CRISTAL, NO MUNICIPIO DE JERONIMO MONTEIRO. REF 1º  TERMO ADITIVO AO CONTRATO Nº 069/2016, TOMADA DE PRECO Nº 006/2016. PROC. 29/2017. REFERENTE A NF 189 DE 16/02/2017.;TREZE MATERIAL DE CONST. E INCORPORACAO LTDA - ME;01.070.171/0001-50;R$ 19.560,57
22/02/2017;0000043/2017;0000501/2017;DESPESA COM CONTRATACAO DE MAO DE OBRA ESPECIALIZADA PARA REFORMA DO CMEI SONHO DE VIVER NO MUNICIPIO DE JERONIMO MONTEIRO/ES CONFORME CONVITE Nº 002/17. CONTRATO Nº 19/17. REFERENTE A PRIMEIRA MEDICAO DE OBRA DE REFORMA DO CMEI SONHO DE VIVER. NF Nº 193 DE 20/02/2017.;TREZE MATERIAL DE CONST. E INCORPORACAO LTDA - ME;01.070.171/0001-50;R$ 14.314,75
22/02/2017;0000030/2017;0000504/2017;DESPESA COM CONTRATACAO DE MAO DE OBRA ESPECIALIZADA PARA REFORMA DO CMEI DIVA SAVIATTO DUARTE NO MUNICIPIO DE JERONIMO MONTEIRO/ES CONFORME CONVITE Nº 001/17. PRIMEIRA MEDICAO. REFERENTE A NOTA FISCAL Nº 192 DE 20/02/2017.;TREZE MATERIAL DE CONST. E INCORPORACAO LTDA - ME;01.070.171/0001-50;R$ 82.530,55
22/02/2017;0001965/2016;0000507/2017;"CONTRATACAO DE EMPRESA ESPECIALIZADA PARA REFORMA NA EMEF ""NICOLAU BORGES"". PROC. 1965/2016. TP Nº006/2016. CONTRATO Nº 69/16. SEGUNDA MEDICAO. REFERENTE A NF Nº 189 DE 16/02/2016.";TREZE MATERIAL DE CONST. E INCORPORACAO LTDA - ME;01.070.171/0001-50;R$ 19.779,35
08/02/2017;0001954/2016;0000314/2017;DESPESA COM CONTRATACAO DE EMPRESA PARA REALIZACAO DE SERVICOS DE REFORMA NA E.M.E.F ANDRE ALTOE, BAIRRO PARADA CRISTAL, NO MUNICIPIO DE JERONIMO MONTEIRO. REF 1º  TERMO ADITIVO AO CONTRATO Nº 071/2016, TOMADA DE PRECO Nº 005/2016. PROC. 27/2017. REFERENTE A NOTA FISCAL DE SERVICO Nº 21.;CONSTRUTORA RENASCER LTDA ME;10.916.057/0001-99;R$ 26.924,95
08/02/2017;0001954/2016;0000315/2017;"CONTRATACAO DE EMPRESA ESPECIALIZADA PARA REFORMA NA EMEF ""ANDRE ALTOE"". PROC. 1954/2016. TP Nº006/2016 CONTRATO Nº071/2016. REFERENTE A NOTA FISCAL DE SERVICO Nº 21.";CONSTRUTORA RENASCER LTDA ME;10.916.057/0001-99;R$ 10.552,29
